{"training_type": "ContinuousTraining", "model_output": "dfmVAR", "var_dfm": {"1": "{\"0\":{\"0\":-0.0923632846,\"1\":-0.1557489519,\"2\":0.1411983352,\"3\":-0.1058418068,\"4\":-0.0106291071},\"1\":{\"0\":-0.02196053,\"1\":-0.0325295493,\"2\":0.0121195571,\"3\":-0.0155074916,\"4\":-0.0028498346},\"2\":{\"0\":0.0268393825,\"1\":0.0678155946,\"2\":-0.0519818861,\"3\":0.0368463367,\"4\":0.0019510202},\"3\":{\"0\":-0.0137566736,\"1\":-0.0340653833,\"2\":0.0273310738,\"3\":-0.0277962486,\"4\":0.0000606762},\"4\":{\"0\":0.0452806863,\"1\":0.0891306698,\"2\":-0.0801328805,\"3\":0.0887333219,\"4\":0.0045651645}}", "2": "{\"0\":{\"0\":-0.0193467062,\"1\":0.2028713376,\"2\":0.0673702167,\"3\":-0.0060835104,\"4\":0.0328843585},\"1\":{\"0\":0.0080754858,\"1\":0.0316303682,\"2\":0.0110746287,\"3\":0.0097764563,\"4\":0.0102224902},\"2\":{\"0\":0.0069668718,\"1\":-0.0771649543,\"2\":-0.0375808378,\"3\":0.002613081,\"4\":-0.0185079903},\"3\":{\"0\":-0.0018566803,\"1\":0.0409928754,\"2\":0.0171093045,\"3\":-0.0014994964,\"4\":0.0096475713},\"4\":{\"0\":0.0235495993,\"1\":-0.1136301297,\"2\":-0.0446894488,\"3\":0.0087301759,\"4\":-0.0220019741}}", "3": "{\"0\":{\"0\":-0.1078471343,\"1\":-0.0480800758,\"2\":-0.1621917411,\"3\":-0.0262440219,\"4\":-0.0426638252},\"1\":{\"0\":-0.0179169382,\"1\":-0.0102987675,\"2\":-0.0198842108,\"3\":-0.0037696622,\"4\":-0.0044804119},\"2\":{\"0\":0.0481765973,\"1\":0.0105082129,\"2\":0.0603327115,\"3\":0.0089820538,\"4\":0.0102527143},\"3\":{\"0\":-0.0251739549,\"1\":-0.0081582117,\"2\":-0.0301433338,\"3\":-0.001630062,\"4\":-0.0206325642},\"4\":{\"0\":0.0607555193,\"1\":0.0188823991,\"2\":0.0994225876,\"3\":0.0032570779,\"4\":0.0279072035}}", "4": "{\"0\":{\"0\":0.1168321478,\"1\":-0.0400256162,\"2\":-0.049947282,\"3\":0.1238597566,\"4\":0.0780442509},\"1\":{\"0\":0.0132218917,\"1\":-0.000404659,\"2\":-0.0041881959,\"3\":0.0228191011,\"4\":0.0147317591},\"2\":{\"0\":-0.0379896377,\"1\":0.0173894146,\"2\":0.0261771328,\"3\":-0.0478556031,\"4\":-0.0390511161},\"3\":{\"0\":0.0240502701,\"1\":-0.0051893767,\"2\":-0.0152675212,\"3\":0.0164470507,\"4\":0.0185468611},\"4\":{\"0\":-0.0521894936,\"1\":0.0337975395,\"2\":0.0309465535,\"3\":-0.0582233104,\"4\":-0.0993853037}}", "5": "{\"0\":{\"0\":0.0896862409,\"1\":-0.0603435862,\"2\":0.0792366881,\"3\":-0.0146051845,\"4\":-0.0222371256},\"1\":{\"0\":0.012604761,\"1\":-0.0095993804,\"2\":0.006061809,\"3\":-0.0056368327,\"4\":-0.0014155687},\"2\":{\"0\":-0.0408470107,\"1\":0.0253775622,\"2\":-0.028320993,\"3\":-0.0033415111,\"4\":0.0078191977},\"3\":{\"0\":0.0197479031,\"1\":-0.0156591809,\"2\":0.0124377262,\"3\":0.0041842936,\"4\":-0.0093776758},\"4\":{\"0\":-0.0517788041,\"1\":0.0268536545,\"2\":-0.0507333824,\"3\":-0.030065429,\"4\":0.0030631592}}", "6": "{\"0\":{\"0\":-0.0891998918,\"1\":0.0395407374,\"2\":0.1463722584,\"3\":-0.0638853137,\"4\":0.1255390931},\"1\":{\"0\":-0.0086279821,\"1\":0.0028519176,\"2\":0.0213079983,\"3\":-0.0005683695,\"4\":0.015123531},\"2\":{\"0\":0.0267769965,\"1\":-0.0102701691,\"2\":-0.0611664095,\"3\":0.0326094667,\"4\":-0.045158028},\"3\":{\"0\":-0.015735657,\"1\":0.0052960058,\"2\":0.0342296058,\"3\":-0.0155877951,\"4\":0.0275845946},\"4\":{\"0\":0.0550298434,\"1\":-0.0104410123,\"2\":-0.0903749714,\"3\":0.0672306423,\"4\":-0.0851300697}}", "7": "{\"0\":{\"0\":-0.042985479,\"1\":0.1128601241,\"2\":-0.0955230276,\"3\":0.0512913444,\"4\":-0.1080343021},\"1\":{\"0\":-0.0033136087,\"1\":0.0167655597,\"2\":-0.0108777972,\"3\":0.0020083557,\"4\":-0.0157859632},\"2\":{\"0\":0.0203474871,\"1\":-0.0474760233,\"2\":0.0285556692,\"3\":-0.017116329,\"4\":0.0496506417},\"3\":{\"0\":-0.0129525856,\"1\":0.0274087499,\"2\":-0.0162627927,\"3\":0.0099803905,\"4\":-0.0137936562},\"4\":{\"0\":0.0076586422,\"1\":-0.0778291891,\"2\":0.0545417134,\"3\":-0.0374386559,\"4\":0.0976855591}}", "8": "{\"0\":{\"0\":0.0362048135,\"1\":-0.1045485428,\"2\":-0.1124200831,\"3\":-0.0394451993,\"4\":0.0431187304},\"1\":{\"0\":-0.0032506113,\"1\":-0.0141903414,\"2\":-0.0131166976,\"3\":-0.0063423458,\"4\":0.019241825},\"2\":{\"0\":-0.0140600402,\"1\":0.0337607502,\"2\":0.0509878581,\"3\":0.0207549171,\"4\":-0.0015849484},\"3\":{\"0\":0.0086778184,\"1\":-0.0215358284,\"2\":-0.0274530177,\"3\":-0.0056190872,\"4\":0.009994192},\"4\":{\"0\":-0.0447394724,\"1\":0.0672570892,\"2\":0.0750527917,\"3\":0.0498009147,\"4\":0.0456138057}}", "9": "{\"0\":{\"0\":0.181343525,\"1\":-0.0466162482,\"2\":0.0507960898,\"3\":0.0120331652,\"4\":-0.059600295},\"1\":{\"0\":0.0260352263,\"1\":-0.0025139782,\"2\":0.0033724082,\"3\":0.0106263506,\"4\":-0.009669526},\"2\":{\"0\":-0.0703958274,\"1\":0.0273904691,\"2\":-0.0157174849,\"3\":0.0059960433,\"4\":0.0223557351},\"3\":{\"0\":0.0343806982,\"1\":-0.0126543304,\"2\":0.0132002454,\"3\":0.0060513579,\"4\":-0.010020336},\"4\":{\"0\":-0.1124224241,\"1\":0.0383704799,\"2\":-0.0408266548,\"3\":0.0439011407,\"4\":0.0541789717}}", "10": "{\"0\":{\"0\":-0.1345211329,\"1\":0.0237046662,\"2\":0.1477085651,\"3\":0.0214627936,\"4\":-0.0509154547},\"1\":{\"0\":-0.0175212889,\"1\":-0.0036210322,\"2\":0.0192978352,\"3\":-0.0044348803,\"4\":-0.0039394955},\"2\":{\"0\":0.0547369243,\"1\":-0.0131343186,\"2\":-0.0636473152,\"3\":-0.021603398,\"4\":0.0223314246},\"3\":{\"0\":-0.0234555606,\"1\":0.0089044698,\"2\":0.0289953697,\"3\":0.003296403,\"4\":-0.0092025897},\"4\":{\"0\":0.1104642061,\"1\":-0.0380192663,\"2\":-0.0933513402,\"3\":-0.0453266914,\"4\":0.0532658131}}", "11": "{\"0\":{\"0\":-0.0050220933,\"1\":0.1308050724,\"2\":-0.1115279935,\"3\":-0.131813359,\"4\":0.0893737167},\"1\":{\"0\":0.0042129384,\"1\":0.0200466527,\"2\":-0.0096215807,\"3\":-0.0190046462,\"4\":0.0052591926},\"2\":{\"0\":0.0021373904,\"1\":-0.0549425447,\"2\":0.0502307316,\"3\":0.0543906764,\"4\":-0.0417207433},\"3\":{\"0\":-0.0082467632,\"1\":0.0217238209,\"2\":-0.0201114348,\"3\":-0.0302426793,\"4\":0.0215892161},\"4\":{\"0\":0.0071028043,\"1\":-0.0815288509,\"2\":0.1064749457,\"3\":0.0855542705,\"4\":-0.0890142102}}", "12": "{\"0\":{\"0\":-0.0987110234,\"1\":-0.1376436804,\"2\":-0.055274583,\"3\":0.1217181603,\"4\":-0.0400759484},\"1\":{\"0\":-0.0186718064,\"1\":-0.0164805944,\"2\":-0.0066583861,\"3\":0.0094759458,\"4\":-0.0140891316},\"2\":{\"0\":0.0417323787,\"1\":0.0603569133,\"2\":0.0216637652,\"3\":-0.0526598962,\"4\":0.0026089458},\"3\":{\"0\":-0.014564147,\"1\":-0.0218099449,\"2\":-0.0125852682,\"3\":0.0275974871,\"4\":-0.0129076719},\"4\":{\"0\":0.0618818822,\"1\":0.1131023501,\"2\":0.0270903259,\"3\":-0.1094074719,\"4\":-0.0214229207}}", "13": "{\"0\":{\"0\":0.2305452116,\"1\":0.0330613771,\"2\":0.0054745708,\"3\":-0.0188435588,\"4\":-0.0258642979},\"1\":{\"0\":0.0340263319,\"1\":0.0054055466,\"2\":-0.0064479605,\"3\":-0.0122996441,\"4\":-0.0097493997},\"2\":{\"0\":-0.0937272821,\"1\":-0.0153253995,\"2\":-0.0076359706,\"3\":-0.0043833838,\"4\":0.0109576225},\"3\":{\"0\":0.0493771273,\"1\":0.0011410542,\"2\":-0.0024451912,\"3\":-0.0103034872,\"4\":-0.0135207979},\"4\":{\"0\":-0.1647432252,\"1\":-0.0345749423,\"2\":-0.0264174937,\"3\":-0.0276491992,\"4\":0.0004302794}}", "asof": "2021-12-31"}}