{"model_output": "response", "vts_response": "{\"1\":{\"DIA\":0.001015359,\"SPY\":0.0010741292,\"VO\":0.000667333,\"IJH\":0.0006426237,\"QQQ\":0.0009088533,\"IWF\":0.0011103918,\"XLY\":0.0005968942,\"XLP\":0.0018097549,\"XLE\":-0.0003094211,\"XLF\":-0.0001012647,\"XLV\":0.0017265142,\"XLI\":0.0007765779,\"XLB\":0.0007098881,\"XLRE\":0.0006225056,\"XLK\":0.0009673918,\"VOX\":0.0008561971,\"XLU\":0.000504317,\"GDX\":0.001211588,\"GUNR\":0.0002899006,\"IXUS\":0.0010890701,\"IEFA\":0.0012731434,\"EFA\":0.0012438332,\"VGK\":0.0007278571,\"VWO\":0.0004120484,\"IEMG\":0.0006811629,\"SHV\":0.0009898551,\"BIL\":0.0010451257,\"GBIL\":0.0002707466,\"SHY\":0.0015674705,\"IEI\":0.0014915322,\"IEF\":0.0015154246,\"VGIT\":0.0015099843,\"TLT\":0.0013415936,\"GOVT\":0.0014988361,\"MUB\":0.0020501475,\"SHM\":0.0009414593,\"VCSH\":0.0018395214,\"VCIT\":0.001832354,\"VCLT\":0.0019126825,\"LQD\":0.0019533791,\"HYG\":0.002094581,\"SHYG\":0.0021743052,\"MBB\":0.0017274658,\"VMBS\":0.0017792983,\"AGG\":0.0016186913,\"BSV\":0.0015850459,\"BIV\":0.0016354932,\"BLV\":0.0016250564,\"BNDX\":0.0013174597,\"EMB\":0.0018231079,\"GLD\":0.0011520484,\"SLV\":0.0005579583,\"USO\":-0.0006552798,\"PDBC\":-0.0002784543,\"VNQ\":0.0006441554,\"VNQI\":0.001492584},\"2\":{\"DIA\":0.0024642402,\"SPY\":0.002519759,\"VO\":0.0019217563,\"IJH\":0.0016586046,\"QQQ\":0.002323012,\"IWF\":0.0024960196,\"XLY\":0.0021070507,\"XLP\":0.0022089519,\"XLE\":-0.0014456615,\"XLF\":0.0008181569,\"XLV\":0.0031679552,\"XLI\":0.0016945012,\"XLB\":0.0012882818,\"XLRE\":0.0022386066,\"XLK\":0.0022837622,\"VOX\":0.0017101665,\"XLU\":0.0009266106,\"GDX\":0.0014516108,\"GUNR\":-0.0003932268,\"IXUS\":0.0014680079,\"IEFA\":0.0019537016,\"EFA\":0.0019256662,\"VGK\":0.0012420068,\"VWO\":-0.00001146,\"IEMG\":0.0003131489,\"SHV\":0.002338139,\"BIL\":0.001153694,\"GBIL\":0.0016714508,\"SHY\":0.0030322341,\"IEI\":0.0029710148,\"IEF\":0.0029525179,\"VGIT\":0.0029521171,\"TLT\":0.0028161657,\"GOVT\":0.0030111064,\"MUB\":0.0031509678,\"SHM\":0.0021955992,\"VCSH\":0.0033238024,\"VCIT\":0.0032249166,\"VCLT\":0.0034837177,\"LQD\":0.00346081,\"HYG\":0.0029981535,\"SHYG\":0.0029148275,\"MBB\":0.003191813,\"VMBS\":0.0031378862,\"AGG\":0.0031470961,\"BSV\":0.0031293675,\"BIV\":0.003123775,\"BLV\":0.0031485682,\"BNDX\":0.0022003021,\"EMB\":0.0032701655,\"GLD\":0.0009846906,\"SLV\":0.0005579123,\"USO\":-0.0015201031,\"PDBC\":-0.0011749973,\"VNQ\":0.0023038252,\"VNQI\":0.0020521796},\"3\":{\"DIA\":0.0022307842,\"SPY\":0.0024804509,\"VO\":0.0027852856,\"IJH\":0.0026764964,\"QQQ\":0.0024029002,\"IWF\":0.0023787551,\"XLY\":0.0022556589,\"XLP\":0.0013999,\"XLE\":-0.0007461737,\"XLF\":0.0011900618,\"XLV\":0.0018204825,\"XLI\":0.0021363652,\"XLB\":0.0018076548,\"XLRE\":0.0026198527,\"XLK\":0.0023317782,\"VOX\":0.0020914195,\"XLU\":0.0002879887,\"GDX\":0.001324796,\"GUNR\":0.0002038368,\"IXUS\":0.0023415995,\"IEFA\":0.0024498568,\"EFA\":0.0024187454,\"VGK\":0.0021829606,\"VWO\":0.0015818963,\"IEMG\":0.0016799044,\"SHV\":0.0032889964,\"BIL\":0.0012347887,\"GBIL\":0.0013187782,\"SHY\":0.0028872841,\"IEI\":0.0028795914,\"IEF\":0.0027265179,\"VGIT\":0.0028082797,\"TLT\":0.0024949116,\"GOVT\":0.0028082646,\"MUB\":0.0025486328,\"SHM\":0.0019428793,\"VCSH\":0.0032768906,\"VCIT\":0.0031874229,\"VCLT\":0.0029961893,\"LQD\":0.0031461907,\"HYG\":0.0035694166,\"SHYG\":0.0033310125,\"MBB\":0.0030985106,\"VMBS\":0.0031718825,\"AGG\":0.0029786053,\"BSV\":0.0030029108,\"BIV\":0.0029953063,\"BLV\":0.0028117086,\"BNDX\":0.0024382487,\"EMB\":0.0035818503,\"GLD\":0.0009972346,\"SLV\":0.0003370027,\"USO\":-0.0009459407,\"PDBC\":-0.0005432617,\"VNQ\":0.002673133,\"VNQI\":0.0024356441},\"4\":{\"DIA\":0.0009852511,\"SPY\":0.0006875527,\"VO\":0.0013350354,\"IJH\":0.0014794707,\"QQQ\":0.0006588192,\"IWF\":0.0005339782,\"XLY\":0.0010786592,\"XLP\":0.0015881488,\"XLE\":-0.0000744733,\"XLF\":0.0003385895,\"XLV\":0.0006494526,\"XLI\":0.0011012101,\"XLB\":0.0015426887,\"XLRE\":0.0008130896,\"XLK\":0.0004465157,\"VOX\":0.0009751046,\"XLU\":-0.000226463,\"GDX\":0.0007622277,\"GUNR\":0.0007216999,\"IXUS\":0.0013639919,\"IEFA\":0.0012339444,\"EFA\":0.0012492249,\"VGK\":0.0010345212,\"VWO\":0.0011397186,\"IEMG\":0.0013663061,\"SHV\":0.0012910933,\"BIL\":0.0017671771,\"GBIL\":0.0008808301,\"SHY\":0.0006233864,\"IEI\":0.0008823545,\"IEF\":0.0010587634,\"VGIT\":0.0009495158,\"TLT\":0.0012426727,\"GOVT\":0.0011262218,\"MUB\":0.0014597396,\"SHM\":0.0009914444,\"VCSH\":0.0010451482,\"VCIT\":0.0013775986,\"VCLT\":0.0014068803,\"LQD\":0.0014042044,\"HYG\":0.0014435958,\"SHYG\":0.0013092586,\"MBB\":0.0012669339,\"VMBS\":0.0013826122,\"AGG\":0.0011788486,\"BSV\":0.000777444,\"BIV\":0.0011534703,\"BLV\":0.0013756475,\"BNDX\":0.0015089881,\"EMB\":0.0010979015,\"GLD\":0.0008392802,\"SLV\":0.0000117921,\"USO\":-0.0010544892,\"PDBC\":-0.0008560328,\"VNQ\":0.0008476924,\"VNQI\":0.0011495461},\"5\":{\"DIA\":0.0013848494,\"SPY\":0.0018724907,\"VO\":0.0016474772,\"IJH\":0.0016266189,\"QQQ\":0.0019778291,\"IWF\":0.0020626753,\"XLY\":0.0017857699,\"XLP\":0.0015916945,\"XLE\":-0.0004643163,\"XLF\":-0.0000890203,\"XLV\":0.0014637544,\"XLI\":0.0013013638,\"XLB\":0.0011191395,\"XLRE\":0.0013263197,\"XLK\":0.0018907942,\"VOX\":0.0017461055,\"XLU\":0.0000726414,\"GDX\":0.0015096776,\"GUNR\":0.0005398414,\"IXUS\":0.0020468177,\"IEFA\":0.0021098592,\"EFA\":0.0020791394,\"VGK\":0.0016566667,\"VWO\":0.001402766,\"IEMG\":0.0017031209,\"SHV\":0.0028996051,\"BIL\":0.0015613876,\"GBIL\":0.0010149166,\"SHY\":0.0027239223,\"IEI\":0.0026274159,\"IEF\":0.0025583104,\"VGIT\":0.0026016447,\"TLT\":0.0023384382,\"GOVT\":0.0026400152,\"MUB\":0.0027725814,\"SHM\":0.0016481091,\"VCSH\":0.0030739728,\"VCIT\":0.0030871542,\"VCLT\":0.0029231312,\"LQD\":0.0030761356,\"HYG\":0.0032571217,\"SHYG\":0.0030429705,\"MBB\":0.0030750538,\"VMBS\":0.0032229555,\"AGG\":0.0027986569,\"BSV\":0.0028007102,\"BIV\":0.0028112852,\"BLV\":0.0026976178,\"BNDX\":0.0024363064,\"EMB\":0.0032274889,\"GLD\":0.001165622,\"SLV\":0.0004288428,\"USO\":-0.0006156921,\"PDBC\":-0.0000778155,\"VNQ\":0.0013800693,\"VNQI\":0.0023473023},\"6\":{\"DIA\":0.0011583434,\"SPY\":0.0017409788,\"VO\":0.0016647857,\"IJH\":0.0016076853,\"QQQ\":0.0021680775,\"IWF\":0.0020390525,\"XLY\":0.0024921787,\"XLP\":0.0006051333,\"XLE\":-0.0008123483,\"XLF\":-0.0001231939,\"XLV\":0.0006137335,\"XLI\":0.0010162816,\"XLB\":0.0008813526,\"XLRE\":0.001318751,\"XLK\":0.0018433312,\"VOX\":0.0017115854,\"XLU\":-0.0004551518,\"GDX\":0.0008609389,\"GUNR\":0.0002673737,\"IXUS\":0.0016040169,\"IEFA\":0.0015958182,\"EFA\":0.0016011592,\"VGK\":0.0014094935,\"VWO\":0.0011021588,\"IEMG\":0.001385743,\"SHV\":0.0033494155,\"BIL\":0.0014529022,\"GBIL\":0.0019480209,\"SHY\":0.002461223,\"IEI\":0.0024689791,\"IEF\":0.0024422399,\"VGIT\":0.0024423796,\"TLT\":0.0024866044,\"GOVT\":0.0026355405,\"MUB\":0.0022059342,\"SHM\":0.001817316,\"VCSH\":0.0026652429,\"VCIT\":0.002802526,\"VCLT\":0.0026641605,\"LQD\":0.0027527786,\"HYG\":0.0022037872,\"SHYG\":0.0017075584,\"MBB\":0.0029877098,\"VMBS\":0.0031146794,\"AGG\":0.0026978674,\"BSV\":0.002609786,\"BIV\":0.0026526281,\"BLV\":0.0026749797,\"BNDX\":0.002403644,\"EMB\":0.0027516042,\"GLD\":0.0002438051,\"SLV\":-0.0001041765,\"USO\":-0.0006508358,\"PDBC\":-0.0003347109,\"VNQ\":0.0013989289,\"VNQI\":0.0016750523},\"7\":{\"DIA\":0.0004766591,\"SPY\":0.0011757686,\"VO\":0.0015135124,\"IJH\":0.0016636577,\"QQQ\":0.0016042688,\"IWF\":0.0014741827,\"XLY\":0.0017557692,\"XLP\":0.000518171,\"XLE\":0.0001458296,\"XLF\":-0.0005046746,\"XLV\":-0.0003519073,\"XLI\":0.0009157723,\"XLB\":0.0009782223,\"XLRE\":0.0007233156,\"XLK\":0.0013666763,\"VOX\":0.0016197636,\"XLU\":-0.0008199291,\"GDX\":0.0010356064,\"GUNR\":0.0010460712,\"IXUS\":0.0021262273,\"IEFA\":0.0018168586,\"EFA\":0.0018076904,\"VGK\":0.0017780303,\"VWO\":0.0022539269,\"IEMG\":0.0024611278,\"SHV\":0.0032374214,\"BIL\":0.001675402,\"GBIL\":0.0009164091,\"SHY\":0.0019850064,\"IEI\":0.0019710953,\"IEF\":0.00189802,\"VGIT\":0.0019428054,\"TLT\":0.0017923602,\"GOVT\":0.0020417097,\"MUB\":0.0018476151,