{"model_output": "vcf_component", "dfm_loadings": {"0": "{\"0\":{\"DIA\":0.0001013641,\"SPY\":0.0003132832,\"VO\":0.0003423881,\"IJH\":0.0004443413,\"QQQ\":0.0004117724,\"IWF\":0.0004688417,\"XLY\":-0.0000075632,\"XLP\":0.0000139149,\"XLE\":0.0003171223,\"XLF\":0.0000744456,\"XLV\":0.0000669982,\"XLI\":0.0003011622,\"XLB\":0.0001351458,\"XLRE\":0.0003417083,\"XLK\":0.000697133,\"VOX\":0.0003013603,\"XLU\":0.0000783404,\"GDX\":0.0007423572,\"GUNR\":0.0001952316,\"IXUS\":0.0004951503,\"IEFA\":0.0004858836,\"EFA\":0.0004669027,\"VGK\":0.000503977,\"VWO\":0.0006417534,\"IEMG\":0.0005886604,\"SHV\":0.0000061818,\"BIL\":-0.0000004975,\"GBIL\":-0.0000305835,\"SHY\":0.000079583,\"IEI\":0.0001533348,\"IEF\":0.0001752903,\"VGIT\":0.0001557986,\"TLT\":0.0001181049,\"GOVT\":0.0001275789,\"MUB\":0.0000755085,\"SHM\":0.0000037069,\"VCSH\":0.0001202354,\"VCIT\":0.0002099357,\"VCLT\":0.0002332174,\"LQD\":0.0002235138,\"HYG\":0.0002890612,\"SHYG\":0.0002325022,\"MBB\":0.0002011252,\"VMBS\":0.0002129856,\"AGG\":0.0001591921,\"BSV\":0.0001042232,\"BIV\":0.0001830683,\"BLV\":0.0001868072,\"BNDX\":0.0000735731,\"EMB\":0.0004022346,\"GLD\":0.0003677118,\"SLV\":0.0004256374,\"USO\":0.0006237806,\"PDBC\":0.0004949957,\"VNQ\":0.0003257137,\"VNQI\":0.0005871769},\"1\":{\"DIA\":-0.0007671545,\"SPY\":-0.0009027642,\"VO\":-0.0008086357,\"IJH\":-0.0009447556,\"QQQ\":-0.00132737,\"IWF\":-0.0013062756,\"XLY\":-0.0012611199,\"XLP\":-0.0005772546,\"XLE\":0.0007609404,\"XLF\":-0.0002336026,\"XLV\":-0.0009876153,\"XLI\":-0.0007284387,\"XLB\":-0.0006642489,\"XLRE\":-0.0009910131,\"XLK\":-0.0015655394,\"VOX\":-0.0007449936,\"XLU\":-0.0002419682,\"GDX\":-0.0013849288,\"GUNR\":0.0000088165,\"IXUS\":-0.0006567683,\"IEFA\":-0.0008123852,\"EFA\":-0.0008121895,\"VGK\":-0.0005934975,\"VWO\":-0.0002344607,\"IEMG\":-0.0003952551,\"SHV\":-0.0000133313,\"BIL\":-0.0000059319,\"GBIL\":-0.000061059,\"SHY\":-0.0001733967,\"IEI\":-0.0004149327,\"IEF\":-0.0006594782,\"VGIT\":-0.0004653482,\"TLT\":-0.0013279634,\"GOVT\":-0.0005405351,\"MUB\":-0.0003563299,\"SHM\":-0.0001366889,\"VCSH\":-0.0002702159,\"VCIT\":-0.0006072638,\"VCLT\":-0.0011888547,\"LQD\":-0.0008203087,\"HYG\":-0.0003911805,\"SHYG\":-0.0002864923,\"MBB\":-0.0006579863,\"VMBS\":-0.0006327654,\"AGG\":-0.0005747793,\"BSV\":-0.0002551602,\"BIV\":-0.0005889644,\"BLV\":-0.0012032737,\"BNDX\":-0.0002788475,\"EMB\":-0.0007138546,\"GLD\":-0.0004421586,\"SLV\":-0.0003559846,\"USO\":0.0012510289,\"PDBC\":0.0004761824,\"VNQ\":-0.0010057585,\"VNQI\":-0.0008787057},\"2\":{\"DIA\":0.0003897057,\"SPY\":0.0004258692,\"VO\":0.0006642103,\"IJH\":0.0007925273,\"QQQ\":0.0006120504,\"IWF\":0.0004970425,\"XLY\":0.0006441782,\"XLP\":-0.0000470937,\"XLE\":-0.000284051,\"XLF\":0.000512652,\"XLV\":0.0001505616,\"XLI\":0.0004940979,\"XLB\":0.0004214634,\"XLRE\":0.000825511,\"XLK\":0.0007212194,\"VOX\":0.0003463706,\"XLU\":0.0000191064,\"GDX\":0.0000305352,\"GUNR\":-0.0001056116,\"IXUS\":0.0003018038,\"IEFA\":0.0003226536,\"EFA\":0.0003248181,\"VGK\":0.0004088744,\"VWO\":0.0002698527,\"IEMG\":0.0002055927,\"SHV\":0.0000069724,\"BIL\":0.0000000504,\"GBIL\":0.0000267661,\"SHY\":0.000052539,\"IEI\":0.0001364698,\"IEF\":0.0001883072,\"VGIT\":0.000142938,\"TLT\":0.0003739543,\"GOVT\":0.0001590523,\"MUB\":0.0000353526,\"SHM\":0.0000473984,\"VCSH\":0.0000803488,\"VCIT\":0.0001626649,\"VCLT\":0.0002628619,\"LQD\":0.0001914559,\"HYG\":0.0001279744,\"SHYG\":0.0000823829,\"MBB\":0.0001716848,\"VMBS\":0.0001581246,\"AGG\":0.0001684753,\"BSV\":0.0000801851,\"BIV\":0.0001738769,\"BLV\":0.0003083401,\"BNDX\":0.0000751292,\"EMB\":0.0002598495,\"GLD\":-0.0000549899,\"SLV\":-0.0001178568,\"USO\":-0.0003493845,\"PDBC\":-0.0001989859,\"VNQ\":0.0008186177,\"VNQI\":0.00024045},\"3\":{\"DIA\":-0.0001158543,\"SPY\":-0.0001082611,\"VO\":0.0001427577,\"IJH\":0.0002851574,\"QQQ\":-0.0000122492,\"IWF\":-0.0001253516,\"XLY\":0.0002395016,\"XLP\":-0.0000137007,\"XLE\":0.0002816734,\"XLF\":-0.0001348882,\"XLV\":-0.0004266525,\"XLI\":0.0000431217,\"XLB\":0.0002315003,\"XLRE\":-0.0001224045,\"XLK\":-0.0001745781,\"VOX\":0.0001264429,\"XLU\":-0.0003850276,\"GDX\":0.0000174938,\"GUNR\":0.0003351937,\"IXUS\":0.0002392173,\"IEFA\":0.0001173243,\"EFA\":0.000127777,\"VGK\":0.0001997027,\"VWO\":0.0004853385,\"IEMG\":0.0005233682,\"SHV\":0.0000039425,\"BIL\":0.0000035453,\"GBIL\":0.0000110937,\"SHY\":-0.000016781,\"IEI\":-0.0000156894,\"IEF\":-0.000003986,\"VGIT\":-0.0000118877,\"TLT\":0.0000747252,\"GOVT\":0.0000112808,\"MUB\":0.000002116,\"SHM\":0.000005096,\"VCSH\":-0.0000098847,\"VCIT\":0.0000312525,\"VCLT\":-0.0000074337,\"LQD\":0.0000077044,\"HYG\":0.0000153393,\"SHYG\":-0.0000105912,\"MBB\":0.0000397347,\"VMBS\":0.0000666483,\"AGG\":0.0000087679,\"BSV\":-0.0000161531,\"BIV\":0.0000058876,\"BLV\":0.000052643,\"BNDX\":0.0000702001,\"EMB\":-0.0000039679,\"GLD\":0.0000321664,\"SLV\":-0.0002778483,\"USO\":0.0000060409,\"PDBC\":0.0000332635,\"VNQ\":-0.0001124526,\"VNQI\":0.0000991228},\"4\":{\"DIA\":0.0004277775,\"SPY\":0.0001605282,\"VO\":0.0005051156,\"IJH\":0.0006922681,\"QQQ\":-0.0000245253,\"IWF\":-0.0000491944,\"XLY\":0.0000867824,\"XLP\":0.0005012156,\"XLE\":0.000015729,\"XLF\":0.0004779124,\"XLV\":0.0004741491,\"XLI\":0.0005565077,\"XLB\":0.0007785929,\"XLRE\":0.0005181137,\"XLK\":-0.0000370948,\"VOX\":0.0001839969,\"XLU\":0.0001862632,\"GDX\":0.000516463,\"GUNR\":0.0001741636,\"IXUS\":0.0003351953,\"IEFA\":0.0003505095,\"EFA\":0.0003556701,\"VGK\":0.0002842756,\"VWO\":0.0002560949,\"IEMG\":0.0002832388,\"SHV\":-0.0000008231,\"BIL\":0.0000041827,\"GBIL\":0.0000047975,\"SHY\":-0.0000122563,\"IEI\":0.0000139559,\"IEF\":0.0000615461,\"VGIT\":0.0000269189,\"TLT\":0.0001865749,\"GOVT\":0.0000403138,\"MUB\":0.0000888431,\"SHM\":0.0000304979,\"VCSH\":0.000017904,\"VCIT\":0.0000779516,\"VCLT\":0.0002073592,\"LQD\":0.0001262483,\"HYG\":0.0001243764,\"SHYG\":0.000114756,\"MBB\":0.0000246733,\"VMBS\":0.0000232405,\"AGG\":0.0000512233,\"BSV\":-0.000008307,\"BIV\":0.0000532305,\"BLV\":0.0001842615,\"BNDX\":0.0000621181,\"EMB\":0.0000576974,\"GLD\":0.0004221329,\"SLV\":0.0001666998,\"USO\":-0.0010674827,\"PDBC\":-0.0005380896,\"VNQ\":0.0005063098,\"VNQI\":0.0002733182}}", "asof": "2024-12-27"}, "dfs_variance": "{\"0\":{\"0\":72.3687585994,\"1\":54.265430728,\"2\":50.7154410006,\"3\":46.9654656016,\"4\":42.3316080199},\"1\":{\"0\":84.10677073,\"1\":60.4799920334,\"2\":56.5063081847,\"3\":52.6246922888,\"4\":49.9613543533},\"2\":{\"0\":79.8924365479,\"1\":46.6779793801,\"2\":54.5112985399,\"3\":45.5621409104,\"4\":55.0140557014},\"3\":{\"0\":74.254272906,\"1\":50.0820977799,\"2\":37.0587330885,\"3\":45.3437571787,\"4\":52.6350330067},\"4\":{\"0\":65.0447285067,\"1\":48.0334682914,\"2\":39.434014692,\"3\":43.4185754872,\"4\":46.3507991114},\"5\":{\"0\":58.331395558,\"1\":54.8946822063,\"2\":38.9400913712,\"3\":44.7048929202,\"4\":45.8440463405},\"6\":{\"0\":53.748320573,\"1\":53.08222516,\"2\":38.9025998898,\"3\":42.0923122327,\"4\":44.5274743411},\"7\":{\"0\":50.0519860181,\"1\":55.6476385126,\"2\":44.2935491198,\"3\":42.8758120707,\"4\":46.3364452023},\"8\":{\"0\":47.9980151908,\"1\":62.6326533417,\"2\":44.5449455699,\"3\":44.6757474515,\"4\":42.5958069431},\"9\":{\"0\":46.930556583,\"1\":54.6872157171,\"2\":52.7315818595,\"3\":47.3790271883,\"4\":42.8683068939},\"10\":{\"0\":45.9797838059,\"1\":56.1819054297,\"2\":52.5738645606,\"3\":46.7409334801,\"4\":43.9563970334},\"11\":{\"0\":43.9028042931,\"1\":59.7765337646,\"2\":49.6831059941,\"3\":46.9262235135,\"4\":44.500460683},\"12\":{\"0\":41.9379684043,\"1\":55.7961889768,\"2\":53.0183794061,\"3\":45.9082631283,\"4\":45.629397106},\"13\":{\"0\":39.8844476624,\"1\":54.568170137,\"2\":44.911096253,\"3\":47.1250502402,\"4\":45.0071710173},\"asof\":{\"0\":\"2024-12-27\",\"1\":\"2024-12-27\",\"2\":\"2024-12-27\",\"3\":\"2024-12-27\",\"4\":\"2024-12-27\"}}",