{"model_output": "aggVar", "agg_variance": "{\"0\":0.0006421242,\"1\":0.0007173974,\"2\":0.000702921,\"3\":0.0007109541,\"4\":0.0007085692,\"5\":0.0007126572,\"6\":0.0007370253,\"7\":0.0007553067,\"8\":0.0007470119,\"9\":0.0007775183,\"10\":0.0007963728,\"11\":0.0008005628,\"12\":0.0008485646,\"13\":0.0008409604,\"asof\":\"2022-12-30\"}"}