{"model_output": "indivVar", "indiv_variance": "{\"0\":{\"DIA\":0.000764164,\"SPY\":0.0010165941,\"VO\":0.0011889016,\"IJH\":0.0010691924,\"QQQ\":0.0015580992,\"IWF\":0.0014819382,\"XLY\":0.0018928399,\"XLP\":0.0007441224,\"XLE\":0.0031084592,\"XLF\":0.0012817297,\"XLV\":0.0007334604,\"XLI\":0.0009761258,\"XLB\":0.0011882264,\"XLRE\":0.0012537353,\"XLK\":0.0016887865,\"VOX\":0.001296531,\"XLU\":0.0010940104,\"GDX\":0.0025233676,\"GUNR\":0.0012789334,\"IXUS\":0.0007764543,\"IEFA\":0.0009224098,\"EFA\":0.0009106864,\"VGK\":0.0012347414,\"VWO\":0.0007201889,\"IEMG\":0.0007429079,\"SHV\":0.0000001834,\"BIL\":0.0000000967,\"GBIL\":0.0000001782,\"SHY\":0.0000094085,\"IEI\":0.0000634793,\"IEF\":0.0001709142,\"VGIT\":0.0000782706,\"TLT\":0.0006545133,\"GOVT\":0.0000887386,\"MUB\":0.0000622892,\"SHM\":0.0000189313,\"VCSH\":0.0000286803,\"VCIT\":0.0001462506,\"VCLT\":0.0004965823,\"LQD\":0.0002379507,\"HYG\":0.0002649214,\"SHYG\":0.0001313386,\"MBB\":0.0001316446,\"VMBS\":0.0001303404,\"AGG\":0.0001031762,\"BSV\":0.0000205754,\"BIV\":0.000120532,\"BLV\":0.0004921405,\"BNDX\":0.0000849731,\"EMB\":0.0004151152,\"GLD\":0.0003856116,\"SLV\":0.0018979326,\"USO\":0.0031526086,\"PDBC\":0.0014311708,\"VNQ\":0.0011391987,\"VNQI\":0.0006636205},\"1\":{\"DIA\":0.0008790075,\"SPY\":0.0011868181,\"VO\":0.0013301733,\"IJH\":0.0011857441,\"QQQ\":0.0016781903,\"IWF\":0.001604898,\"XLY\":0.0022121651,\"XLP\":0.0008253101,\"XLE\":0.0034829452,\"XLF\":0.0014584155,\"XLV\":0.0007924691,\"XLI\":0.0011692281,\"XLB\":0.0013474873,\"XLRE\":0.0014583948,\"XLK\":0.0018695079,\"VOX\":0.0014216207,\"XLU\":0.0012355227,\"GDX\":0.0026358935,\"GUNR\":0.0013529982,\"IXUS\":0.0008523591,\"IEFA\":0.001018806,\"EFA\":0.0010033032,\"VGK\":0.0013618483,\"VWO\":0.0008128824,\"IEMG\":0.0007697259,\"SHV\":0.0000002094,\"BIL\":0.0000001086,\"GBIL\":0.0000001942,\"SHY\":0.0000104384,\"IEI\":0.0000699643,\"IEF\":0.0001910479,\"VGIT\":0.0000867509,\"TLT\":0.0007032686,\"GOVT\":0.0000963046,\"MUB\":0.000073716,\"SHM\":0.0000222344,\"VCSH\":0.0000322621,\"VCIT\":0.0001619782,\"VCLT\":0.0005465012,\"LQD\":0.000274297,\"HYG\":0.0003089533,\"SHYG\":0.0001507102,\"MBB\":0.0001419598,\"VMBS\":0.0001455347,\"AGG\":0.0001139907,\"BSV\":0.0000229366,\"BIV\":0.0001338068,\"BLV\":0.000533922,\"BNDX\":0.0000912602,\"EMB\":0.0004645931,\"GLD\":0.0004301266,\"SLV\":0.0021909598,\"USO\":0.0035265656,\"PDBC\":0.0016139131,\"VNQ\":0.0013112046,\"VNQI\":0.000764948},\"2\":{\"DIA\":0.0008928243,\"SPY\":0.0011738341,\"VO\":0.0013282792,\"IJH\":0.001182687,\"QQQ\":0.0017082312,\"IWF\":0.001571261,\"XLY\":0.0020555293,\"XLP\":0.0008295086,\"XLE\":0.0034233322,\"XLF\":0.0014386428,\"XLV\":0.0007756964,\"XLI\":0.0012084397,\"XLB\":0.0013493956,\"XLRE\":0.0014321669,\"XLK\":0.0018349637,\"VOX\":0.0014015929,\"XLU\":0.0012406709,\"GDX\":0.0026337242,\"GUNR\":0.0013349607,\"IXUS\":0.000850361,\"IEFA\":0.001013801,\"EFA\":0.0009980196,\"VGK\":0.0013579061,\"VWO\":0.0008236279,\"IEMG\":0.0008129206,\"SHV\":0.0000002005,\"BIL\":0.0000001095,\"GBIL\":0.0000001903,\"SHY\":0.0000100954,\"IEI\":0.000068351,\"IEF\":0.0001868417,\"VGIT\":0.0000846927,\"TLT\":0.0007038766,\"GOVT\":0.0000945705,\"MUB\":0.0000730624,\"SHM\":0.0000222729,\"VCSH\":0.0000316811,\"VCIT\":0.0001623994,\"VCLT\":0.0005482859,\"LQD\":0.0002735704,\"HYG\":0.0003027315,\"SHYG\":0.0001485123,\"MBB\":0.00014488,\"VMBS\":0.0001431412,\"AGG\":0.0001113348,\"BSV\":0.0000224445,\"BIV\":0.0001302935,\"BLV\":0.0005336291,\"BNDX\":0.0001038554,\"EMB\":0.0004649244,\"GLD\":0.0004288147,\"SLV\":0.001654469,\"USO\":0.0035254865,\"PDBC\":0.0016114282,\"VNQ\":0.0012791956,\"VNQI\":0.0007311107},\"3\":{\"DIA\":0.0008578844,\"SPY\":0.0011805773,\"VO\":0.001322963,\"IJH\":0.0011696454,\"QQQ\":0.0017952189,\"IWF\":0.0015944565,\"XLY\":0.0020719147,\"XLP\":0.000826206,\"XLE\":0.0032422999,\"XLF\":0.0013506732,\"XLV\":0.0007775499,\"XLI\":0.0011851595,\"XLB\":0.0013442837,\"XLRE\":0.0014190204,\"XLK\":0.00185536,\"VOX\":0.0013933638,\"XLU\":0.0012246878,\"GDX\":0.0028962467,\"GUNR\":0.0015241823,\"IXUS\":0.0008470757,\"IEFA\":0.0010098321,\"EFA\":0.0009947641,\"VGK\":0.0013589903,\"VWO\":0.000849601,\"IEMG\":0.00088811,\"SHV\":0.0000002004,\"BIL\":0.0000001106,\"GBIL\":0.0000002099,\"SHY\":0.0000102362,\"IEI\":0.0000668934,\"IEF\":0.0001871351,\"VGIT\":0.0000819591,\"TLT\":0.0007042417,\"GOVT\":0.0000954174,\"MUB\":0.0000702183,\"SHM\":0.0000215514,\"VCSH\":0.0000317949,\"VCIT\":0.000163303,\"VCLT\":0.0005523923,\"LQD\":0.0002761243,\"HYG\":0.0002989492,\"SHYG\":0.0001470582,\"MBB\":0.0001530905,\"VMBS\":0.000146262,\"AGG\":0.0001131756,\"BSV\":0.00002259,\"BIV\":0.0001348694,\"BLV\":0.0005386119,\"BNDX\":0.000103329,\"EMB\":0.0004666644,\"GLD\":0.0004241962,\"SLV\":0.0018881862,\"USO\":0.0034910969,\"PDBC\":0.0016006106,\"VNQ\":0.0012589008,\"VNQI\":0.0007259518},\"4\":{\"DIA\":0.0008918187,\"SPY\":0.0012114578,\"VO\":0.0013285213,\"IJH\":0.0011689183,\"QQQ\":0.0016709357,\"IWF\":0.0015934805,\"XLY\":0.0020309183,\"XLP\":0.0008226603,\"XLE\":0.0033672385,\"XLF\":0.0013600729,\"XLV\":0.0007810706,\"XLI\":0.0012028662,\"XLB\":0.0013332006,\"XLRE\":0.0014110275,\"XLK\":0.0018383042,\"VOX\":0.0014102769,\"XLU\":0.001222472,\"GDX\":0.0027408283,\"GUNR\":0.0014030951,\"IXUS\":0.0008417358,\"IEFA\":0.0010041487,\"EFA\":0.0009884257,\"VGK\":0.0013674918,\"VWO\":0.0008743854,\"IEMG\":0.0008563004,\"SHV\":0.0000002073,\"BIL\":0.0000001125,\"GBIL\":0.0000002085,\"SHY\":0.0000101182,\"IEI\":0.000065048,\"IEF\":0.0001859131,\"VGIT\":0.000081014,\"TLT\":0.0006986435,\"GOVT\":0.0000942001,\"MUB\":0.0000703104,\"SHM\":0.0000219092,\"VCSH\":0.0000315507,\"VCIT\":0.0001612777,\"VCLT\":0.0005469995,\"LQD\":0.0002751935,\"HYG\":0.0003012589,\"SHYG\":0.0001466958,\"MBB\":0.0001504963,\"VMBS\":0.0001431898,\"AGG\":0.0001132371,\"BSV\":0.0000224342,\"BIV\":0.0001329595,\"BLV\":0.0005338996,\"BNDX\":0.0000950692,\"EMB\":0.0004673108,\"GLD\":0.0004231591,\"SLV\":0.0020382692,\"USO\":0.0034789686,\"PDBC\":0.0016152273,\"VNQ\":0.0012492586,\"VNQI\":0.0007532847},\"5\":{\"DIA\":0.0009500673,\"SPY\":0.0012291918,\"VO\":0.0013641913,\"IJH\":0.0012046285,\"QQQ\":0.0018370677,\"IWF\":0.0016796069,\"XLY\":0.0020060852,\"XLP\":0.0008240757,\"XLE\":0.0033692839,\"XLF\":0.0013354657,\"XLV\":0.0007831788,\"XLI\":0.001225611,\"XLB\":0.0013753146,\"XLRE\":0.0014492108,\"XLK\":0.0018620343,\"VOX\":0.0014626404,\"XLU\":0.0012449959,\"GDX\":0.002611723,\"GUNR\":0.001337666,\"IXUS\":0.0008616943,\"IEFA\":0.001029863,\"EFA\":0.0010134957,\"VGK\":0.0013884922,\"VWO\":0.000904709,\"IEMG\":0.0008172639,\"SHV\":0.0000002096,\"BIL\":0.0000001156,\"GBIL\":0.0000001978,\"SHY\":0.0000100802,\"IEI\":0.0000647106,\"IEF\":0.000185991,\"VGIT\":0.0000811679,\"TLT\":0.0006972731,\"GOVT\":0.0000939789,\"MUB\":0.0000734359,\"SHM\":0.0000230975,\"VCSH\":0.0000323335,\"VCIT\":0.0001641238,\"VCLT\":0.0005618032,\"LQD\":0.0002790308,\"HYG\":0.0003087741,\"SHYG\":0.0001518798,\"MBB\":0.0001524904,\"VMBS\":0.0001469173,\"AGG\":0.0001147867,\"BSV\":0.0000226376,\"BIV\":0.0001320981,\"BLV\":0.000540323,\"BNDX\":0.0001034587,\"EMB\":0.0004806301,\"GLD\":0.0004278981,\"SLV\":0.0017943818,\"USO\":0.0034612114,\"PDBC\":0.0016305337,\"VNQ\":0.0012870281,\"VNQI\":0.0007883561},\"6\":{\"DIA\":0.0009242042,\"SPY\":0.0012314058,\"VO\":0.0013838302,\"IJH\":0.0012113573,\"QQQ\":0.0017599627,\"IWF\":0.0016769048,\"XLY\":0.0020133929,\"XLP\":0.0008442815,\"XLE\":0.0036498822,\"XLF\":0.0013819551,\"XLV\":0.0007815888,\"XLI\":0.0012668189,\"XLB\":0.0014170757,\"XLRE\":0.0015017676,\"XLK\":0.0019094286,\"VOX\":0.0014687233,\"XLU\":0.0012464773,\"GDX\":0.0028040927,\"GUNR\":0.0015063491,\"IXUS\":0.0008732814,\"IEFA\":0.0010417122,\"EFA\":0.0010260751,\"VGK\":0.001394581,\"VWO\":0.0009345756,\"IEMG\":0.0009463504,\"SHV\":0.000000203,\"BIL\":0.0000001184,\"GBIL\":0.000000209,\"SHY\":0.0000102542,\"IEI\":0.0000679347,\"IEF\":0.0001920551,\"VGIT\":0.0000837117,\"TLT\":0.0007198763,\"GOVT\":0.0000969229,\"MUB\":0.0000703501,\"SHM\":0.0000215454,\"VCSH\":0.00003309,