{"training_type": "ContinuousTraining", "model_output": "ARcoefs", "ar_coefs": "{\"1\":{\"DIA\":-0.0015696715,\"SPY\":-0.1624673224,\"VO\":-0.0622646495,\"IJH\":-0.0891227979,\"QQQ\":-0.1211934065,\"IWF\":-0.1069556785,\"XLY\":-0.1869050342,\"XLP\":-0.1069173279,\"XLE\":0.0176307509,\"XLF\":-0.0145991504,\"XLV\":0.0249361108,\"XLI\":-0.02042066,\"XLB\":-0.0728733029,\"XLRE\":-0.2446453016,\"XLK\":-0.1777348221,\"VOX\":0.0088210323,\"XLU\":-0.0836138194,\"GDX\":-0.1582558154,\"GUNR\":-0.0278470559,\"IXUS\":-0.1000262582,\"IEFA\":-0.1532311049,\"EFA\":-0.1681141892,\"VGK\":-0.1519709232,\"VWO\":-0.0133405756,\"IEMG\":-0.0281637657,\"SHV\":-0.1626063944,\"BIL\":-0.1683352921,\"GBIL\":-0.0409667682,\"SHY\":0.0083998948,\"IEI\":-0.05552106,\"IEF\":0.0458537093,\"VGIT\":-0.0545141734,\"TLT\":-0.1962598434,\"GOVT\":-0.0718099969,\"MUB\":0.1504990675,\"SHM\":-0.0056915242,\"VCSH\":0.1025970821,\"VCIT\":0.1013333591,\"VCLT\":0.0136187997,\"LQD\":-0.0326443018,\"HYG\":-0.11413342,\"SHYG\":-0.0885320825,\"MBB\":-0.0706953422,\"VMBS\":-0.0804674857,\"AGG\":-0.0202175099,\"BSV\":-0.1460497616,\"BIV\":0.087238357,\"BLV\":-0.1975297928,\"BNDX\":0.1228735663,\"EMB\":0.0432439621,\"GLD\":0.090598527,\"SLV\":-0.0230300597,\"USO\":0.0523143186,\"PDBC\":0.0049937711,\"VNQ\":-0.2287942662,\"VNQI\":-0.2002294069},\"2\":{\"DIA\":-0.1509798349,\"SPY\":0.09842332,\"VO\":-0.1486944073,\"IJH\":-0.0061082817,\"QQQ\":0.046231986,\"IWF\":0.0652965764,\"XLY\":0.1651468637,\"XLP\":0.0517412301,\"XLE\":-0.2323803107,\"XLF\":-0.2181508476,\"XLV\":-0.1294596137,\"XLI\":-0.2197589267,\"XLB\":-0.1711930204,\"XLRE\":0.0019706768,\"XLK\":0.0379486597,\"VOX\":-0.0158651885,\"XLU\":0.0331180291,\"GDX\":-0.1209982562,\"GUNR\":-0.1791949998,\"IXUS\":-0.1341508459,\"IEFA\":-0.0449214768,\"EFA\":-0.0338400601,\"VGK\":-0.0437216869,\"VWO\":-0.1938683048,\"IEMG\":-0.2080567424,\"SHV\":0.148289494,\"BIL\":0.1066572615,\"GBIL\":-0.0967064589,\"SHY\":-0.1281369017,\"IEI\":0.0918603543,\"IEF\":0.1710388665,\"VGIT\":0.1332466583,\"TLT\":0.2098057503,\"GOVT\":0.1754514538,\"MUB\":0.089893574,\"SHM\":-0.251460595,\"VCSH\":0.1372412263,\"VCIT\":0.1043555784,\"VCLT\":-0.0198042063,\"LQD\":0.0650434606,\"HYG\":0.0731351059,\"SHYG\":0.0846448684,\"MBB\":0.1566940984,\"VMBS\":-0.0194264938,\"AGG\":0.0841620571,\"BSV\":-0.0183724669,\"BIV\":0.1158155891,\"BLV\":0.2228299703,\"BNDX\":0.0988701322,\"EMB\":-0.0088624144,\"GLD\":-0.1102134559,\"SLV\":-0.2752359974,\"USO\":-0.2167962963,\"PDBC\":-0.168144774,\"VNQ\":0.0009923527,\"VNQI\":-0.1418854198},\"3\":{\"DIA\":0.0130355481,\"SPY\":-0.1757783613,\"VO\":-0.0286057965,\"IJH\":-0.1523505479,\"QQQ\":-0.0617012802,\"IWF\":-0.0350967161,\"XLY\":-0.0824925615,\"XLP\":-0.0418775905,\"XLE\":-0.0563370144,\"XLF\":-0.0954023846,\"XLV\":-0.0469593784,\"XLI\":0.018732516,\"XLB\":-0.0759964118,\"XLRE\":0.0532648795,\"XLK\":-0.0517066509,\"VOX\":0.0139562069,\"XLU\":0.1030359088,\"GDX\":0.0072757381,\"GUNR\":-0.0401214996,\"IXUS\":-0.0775422894,\"IEFA\":-0.1476988126,\"EFA\":-0.1510941524,\"VGK\":-0.1233264109,\"VWO\":-0.0935142613,\"IEMG\":-0.0932738562,\"SHV\":-0.1487333125,\"BIL\":-0.0620855494,\"GBIL\":0.1308163929,\"SHY\":0.0416793954,\"IEI\":0.1261236147,\"IEF\":0.1309618216,\"VGIT\":0.078394333,\"TLT\":-0.1046063692,\"GOVT\":-0.0302727292,\"MUB\":-0.0387167443,\"SHM\":0.0458659888,\"VCSH\":-0.0778240771,\"VCIT\":0.067555452,\"VCLT\":0.014117323,\"LQD\":-0.0610724367,\"HYG\":-0.0434361208,\"SHYG\":-0.0591933146,\"MBB\":-0.0220444214,\"VMBS\":-0.1689064838,\"AGG\":-0.0417659419,\"BSV\":0.1114793185,\"BIV\":0.0928498188,\"BLV\":-0.1262676641,\"BNDX\":0.07304403,\"EMB\":-0.0721217611,\"GLD\":-0.1830930941,\"SLV\":-0.0470483661,\"USO\":0.0316856782,\"PDBC\":0.0083642287,\"VNQ\":0.1176929518,\"VNQI\":0.2618211982},\"4\":{\"DIA\":0.1296744699,\"SPY\":0.0842176089,\"VO\":0.1979140903,\"IJH\":0.2147623805,\"QQQ\":-0.3405767649,\"IWF\":-0.3264675762,\"XLY\":-0.0145074201,\"XLP\":-0.0447516931,\"XLE\":0.1907000671,\"XLF\":0.242383189,\"XLV\":0.0625746211,\"XLI\":0.2152648766,\"XLB\":0.244216916,\"XLRE\":-0.0435749878,\"XLK\":-0.2675106513,\"VOX\":-0.0125150579,\"XLU\":-0.1827113251,\"GDX\":0.0905680382,\"GUNR\":0.203801003,\"IXUS\":0.2175623967,\"IEFA\":0.1858198712,\"EFA\":0.1736714551,\"VGK\":0.1473885818,\"VWO\":0.1912215043,\"IEMG\":0.2030331781,\"SHV\":0.1375748855,\"BIL\":0.0509792155,\"GBIL\":-0.0318245154,\"SHY\":0.1146624612,\"IEI\":0.1535728803,\"IEF\":0.1814581028,\"VGIT\":0.0950053772,\"TLT\":0.1133929334,\"GOVT\":0.1418406159,\"MUB\":-0.1507197486,\"SHM\":0.048952561,\"VCSH\":0.0030238296,\"VCIT\":0.0527784998,\"VCLT\":-0.0108432197,\"LQD\":0.0496582221,\"HYG\":-0.0154983699,\"SHYG\":0.0260152757,\"MBB\":0.1117480904,\"VMBS\":0.1177251079,\"AGG\":0.1002074932,\"BSV\":0.0626812455,\"BIV\":0.1020823084,\"BLV\":0.1358949318,\"BNDX\":0.0016213139,\"EMB\":-0.0660707065,\"GLD\":-0.0991135657,\"SLV\":0.1847710413,\"USO\":0.1321659795,\"PDBC\":0.1585592542,\"VNQ\":-0.0707759279,\"VNQI\":-0.119246231},\"5\":{\"DIA\":0.031709242,\"SPY\":0.0978450565,\"VO\":0.065746005,\"IJH\":0.076105115,\"QQQ\":-0.0712663284,\"IWF\":-0.0914550859,\"XLY\":0.0999224618,\"XLP\":0.056626485,\"XLE\":0.0881428558,\"XLF\":0.0690356238,\"XLV\":0.0812697577,\"XLI\":-0.014461176,\"XLB\":0.0406143709,\"XLRE\":0.1552310501,\"XLK\":-0.0506482124,\"VOX\":0.0215843871,\"XLU\":0.1638771188,\"GDX\":0.2102591706,\"GUNR\":0.062737837,\"IXUS\":0.0942211389,\"IEFA\":0.0866150743,\"EFA\":0.0977837796,\"VGK\":0.0992302954,\"VWO\":0.1499725178,\"IEMG\":0.1555262732,\"SHV\":-0.0981902861,\"BIL\":-0.0057364642,\"GBIL\":-0.0861117128,\"SHY\":-0.0582441831,\"IEI\":-0.1539587227,\"IEF\":-0.018947303,\"VGIT\":-0.1023980493,\"TLT\":-0.0186255585,\"GOVT\":-0.0339497094,\"MUB\":-0.1659105373,\"SHM\":0.0683958999,\"VCSH\":-0.0906560321,\"VCIT\":-0.0029171283,\"VCLT\":0.0015303125,\"LQD\":-0.0291511141,\"HYG\":0.0155840251,\"SHYG\":0.0229922082,\"MBB\":0.0295128888,\"VMBS\":-0.1046142588,\"AGG\":-0.1224432721,\"BSV\":-0.1470334645,\"BIV\":0.0397615742,\"BLV\":0.0268941161,\"BNDX\":0.0208119159,\"EMB\":0.023553641,\"GLD\":0.0234433543,\"SLV\":-0.042257859,\"USO\":-0.1029807207,\"PDBC\":0.0142637765,\"VNQ\":0.0466171825,\"VNQI\":0.0689150859},\"6\":{\"DIA\":-0.1312624555,\"SPY\":-0.0662261396,\"VO\":-0.1912127766,\"IJH\":-0.1283827924,\"QQQ\":-0.1911797632,\"IWF\":-0.2087236861,\"XLY\":-0.1299505409,\"XLP\":-0.0427907205,\"XLE\":-0.156858499,\"XLF\":-0.1564141259,\"XLV\":-0.0557825137,\"XLI\":-0.2216902268,\"XLB\":-0.2027714488,\"XLRE\":-0.1263625472,\"XLK\":-0.237852273,\"VOX\":-0.0162642326,\"XLU\":-0.2211356801,\"GDX\":-0.3056352374,\"GUNR\":-0.1513668477,\"IXUS\":-0.162841912,\"IEFA\":-0.1391436183,\"EFA\":-0.1366991738,\"VGK\":-0.1664919032,\"VWO\":-0.1175522909,\"IEMG\":-0.1171621111,\"SHV\":0.0671684573,\"BIL\":-0.0610969966,\"GBIL\":0.1310383665,\"SHY\":-0.1172387961,\"IEI\":0.0640166377,\"IEF\":0.2152040662,\"VGIT\":0.1166783453,\"TLT\":0.1904705902,\"GOVT\":0.1980121741,\"MUB\":-0.0787971095,\"SHM\":0.1122188855,\"VCSH\":-0.0268722575,\"VCIT\":0.0186182538,\"VCLT\":0.0133841495,\"LQD\":-0.0104447825,\"HYG\":0.0460184097,\"SHYG\":-0.0004403882,\"MBB\":-0.0087511982,\"VMBS\":-0.1199455998,\"AGG\":0.0947243222,\"BSV\":-0.0292425902,\"BIV\":0.0629236069,\"BLV\":0.1985379222,\"BNDX\":-0.0843132695,\"EMB\":0.0711938828,\"GLD\":0.1199370706,\"SLV\":-0.0895482497,\"USO\":-0.2723974121,\"PDBC\":-0.159895699,\"VNQ\":-0.103572105,\"VNQI\":-0.2514561325},\"7\":{\"DIA\":-0.0569848714,\"SPY\":-0.0558477387,\"VO\":-0.0491403407,\"IJH\":-0.0324576074,\"QQQ\":0.0606371826,\"IWF\":0.0171903602,\"XLY\":0.0960715389,\"XLP\":0.0487327934,\"XLE\":-0.074373903,\"XLF\":-0.0527145134,\"XLV\":-0.1473173406,\"XLI\":0.0251624037,\"XLB\":-0.080374875,\"XLRE\":0.1457452651,\"XLK\":0.176565066,\"VOX\":0.0076625523,\"XLU\":-0.0486915434,\"GDX\":0.0222986832,\"GUNR\":-0.0795783813,\"IXUS\":-0.0504710583,\"IEFA\":0.0073612707,\"EFA\":0.0074251839,\"VGK\":0.0174557812,\"VWO\":-0.1481194081,\"IEMG\":-0.145972349,\"SHV\":-0.0334354249,