{"training_type": "ContinuousTraining", "model_output": "filter", "uoc_filter": "{\"0\":{\"DIA\":0.1153082827,\"SPY\":0.22041985,\"VO\":0.1701184773,\"IJH\":0.2107006125,\"QQQ\":0.3161160151,\"IWF\":0.3275583351,\"XLY\":0.1285878934,\"XLP\":0.0947525027,\"XLE\":0.2095398658,\"XLF\":0.2692520215,\"XLV\":0.1331792916,\"XLI\":0.2033048354,\"XLB\":0.2342375381,\"XLRE\":0.2419630851,\"XLK\":0.3176427352,\"VOX\":0.0038993751,\"XLU\":0.2132038957,\"GDX\":0.203452749,\"GUNR\":0.1761867326,\"IXUS\":0.2259193086,\"IEFA\":0.2687897995,\"EFA\":0.273088552,\"VGK\":0.2884413161,\"VWO\":0.1801698462,\"IEMG\":0.2085286314,\"SHV\":0.1359896296,\"BIL\":0.1409709494,\"GBIL\":0.0992426784,\"SHY\":0.0787048344,\"IEI\":0.2465776056,\"IEF\":0.1966187202,\"VGIT\":0.2023496928,\"TLT\":0.2154555118,\"GOVT\":0.1785406581,\"MUB\":0.0880293179,\"SHM\":0.182721468,\"VCSH\":0.1856004351,\"VCIT\":0.1079307253,\"VCLT\":0.0031232152,\"LQD\":0.0250157355,\"HYG\":0.0942312154,\"SHYG\":0.0902453996,\"MBB\":0.0982336128,\"VMBS\":0.1836907227,\"AGG\":0.1294846653,\"BSV\":0.1335232099,\"BIV\":0.1157436183,\"BLV\":0.2349727707,\"BNDX\":0.1122440389,\"EMB\":0.0406430333,\"GLD\":0.1414156167,\"SLV\":0.2057210618,\"USO\":0.2219785239,\"PDBC\":0.1310289019,\"VNQ\":0.2288779996,\"VNQI\":0.2536417173},\"1\":{\"DIA\":-0.0013886754,\"SPY\":-0.1266562995,\"VO\":-0.0516722822,\"IJH\":-0.0703445698,\"QQQ\":-0.0828822298,\"IWF\":-0.0719214545,\"XLY\":-0.1628713096,\"XLP\":-0.0967866435,\"XLE\":0.0139364057,\"XLF\":-0.0106682996,\"XLV\":0.0216151372,\"XLI\":-0.0162690411,\"XLB\":-0.0558036398,\"XLRE\":-0.1854501697,\"XLK\":-0.1212786471,\"VOX\":0.0087866358,\"XLU\":-0.0657870274,\"GDX\":-0.1260582347,\"GUNR\":-0.0229407741,\"IXUS\":-0.0774283951,\"IEFA\":-0.1120441469,\"EFA\":-0.1222041287,\"VGK\":-0.1081362301,\"VWO\":-0.0109370062,\"IEMG\":-0.0222908142,\"SHV\":-0.140493611,\"BIL\":-0.1446049062,\"GBIL\":-0.0369011164,\"SHY\":0.0077387825,\"IEI\":-0.04183081,\"IEF\":0.0368380117,\"VGIT\":-0.0434832472,\"TLT\":-0.1539745784,\"GOVT\":-0.0589889928,\"MUB\":0.1372507372,\"SHM\":-0.0046515605,\"VCSH\":0.083555019,\"VCIT\":0.0903963762,\"VCLT\":0.0135762652,\"LQD\":-0.0318276806,\"HYG\":-0.1033784891,\"SHYG\":-0.0805424693,\"MBB\":-0.0637506834,\"VMBS\":-0.0656863551,\"AGG\":-0.0175996524,\"BSV\":-0.1265487286,\"BIV\":0.0771410739,\"BLV\":-0.1511156701,\"BNDX\":0.1090817409,\"EMB\":0.0414863963,\"GLD\":0.0777864804,\"SLV\":-0.0182922914,\"USO\":0.0407016633,\"PDBC\":0.0043394428,\"VNQ\":-0.1764282922,\"VNQI\":-0.1494428763},\"2\":{\"DIA\":-0.1335706094,\"SPY\":0.0767288666,\"VO\":-0.1233987412,\"IJH\":-0.004821263,\"QQQ\":0.0316173148,\"IWF\":0.0439081385,\"XLY\":0.1439109764,\"XLP\":0.0468386191,\"XLE\":-0.1836873716,\"XLF\":-0.1594132909,\"XLV\":-0.112218274,\"XLI\":-0.1750808743,\"XLB\":-0.1310931887,\"XLRE\":0.0014938458,\"XLK\":0.0258945437,\"VOX\":-0.0158033242,\"XLU\":0.0260571362,\"GDX\":-0.0963808283,\"GUNR\":-0.1476232183,\"IXUS\":-0.1038435795,\"IEFA\":-0.0328470421,\"EFA\":-0.0245987271,\"VGK\":-0.031110546,\"VWO\":-0.1589390822,\"IEMG\":-0.1646709546,\"SHV\":0.1281236607,\"BIL\":0.0916216861,\"GBIL\":-0.0871090509,\"SHY\":-0.1180519081,\"IEI\":0.0692096481,\"IEF\":0.1374094235,\"VGIT\":0.106284238,\"TLT\":0.164601945,\"GOVT\":0.1441262358,\"MUB\":0.081980304,\"SHM\":-0.205513346,\"VCSH\":0.111769195,\"VCIT\":0.0930924051,\"VCLT\":-0.0197423536,\"LQD\":0.0634163506,\"HYG\":0.066243496,\"SHYG\":0.0770060584,\"MBB\":0.141301471,\"VMBS\":-0.0158580271,\"AGG\":0.0732643613,\"BSV\":-0.0159193161,\"BIV\":0.1024106738,\"BLV\":0.1704709948,\"BNDX\":0.0877725492,\"EMB\":-0.008502219,\"GLD\":-0.094627552,\"SLV\":-0.2186141558,\"USO\":-0.1686721745,\"PDBC\":-0.1461129489,\"VNQ\":0.000765225,\"VNQI\":-0.1058973583},\"3\":{\"DIA\":0.0115324415,\"SPY\":-0.1370333213,\"VO\":-0.0237394219,\"IJH\":-0.1202501941,\"QQQ\":-0.0421965174,\"IWF\":-0.0236004942,\"XLY\":-0.0718850168,\"XLP\":-0.037909584,\"XLE\":-0.044532164,\"XLF\":-0.0697150997,\"XLV\":-0.0407053616,\"XLI\":0.0149241049,\"XLB\":-0.0581951994,\"XLRE\":0.0403767449,\"XLK\":-0.0352824089,\"VOX\":0.0139017864,\"XLU\":0.0810682516,\"GDX\":0.0057954691,\"GUNR\":-0.0330526236,\"IXUS\":-0.060023989,\"IEFA\":-0.1079988784,\"EFA\":-0.1098320691,\"VGK\":-0.0877539786,\"VWO\":-0.0766658112,\"IEMG\":-0.0738235866,\"SHV\":-0.1285071244,\"BIL\":-0.0533332906,\"GBIL\":0.1178338237,\"SHY\":0.0383990254,\"IEI\":0.0950243558,\"IEF\":0.1052122758,\"VGIT\":0.0625312638,\"TLT\":-0.0820683504,\"GOVT\":-0.0248678162,\"MUB\":-0.0353085357,\"SHM\":0.037485288,\"VCSH\":-0.0633798946,\"VCIT\":0.0602641431,\"VCLT\":0.0140732316,\"LQD\":-0.0595446648,\"HYG\":-0.0393430823,\"SHYG\":-0.0538513903,\"MBB\":-0.0198789182,\"VMBS\":-0.1378799297,\"AGG\":-0.0363578929,\"BSV\":0.096594242,\"BIV\":0.0821030448,\"BLV\":-0.0965982012,\"BNDX\":0.064845273,\"EMB\":-0.069190514,\"GLD\":-0.1572008713,\"SLV\":-0.0373695262,\"USO\":0.0246521381,\"PDBC\":0.007268273,\"VNQ\":0.0907556244,\"VNQI\":0.1954124198},\"4\":{\"DIA\":0.1147219294,\"SPY\":0.0656543762,\"VO\":0.1642452466,\"IJH\":0.1695118154,\"QQQ\":-0.2329149952,\"IWF\":-0.2195304005,\"XLY\":-0.0126419415,\"XLP\":-0.0405113582,\"XLE\":0.1507408007,\"XLF\":0.1771210254,\"XLV\":0.0542409774,\"XLI\":0.1715004863,\"XLB\":0.1870121468,\"XLRE\":-0.0330314493,\"XLK\":-0.1825378363,\"VOX\":-0.012466257,\"XLU\":-0.1437565588,\"GDX\":0.0721417218,\"GUNR\":0.1678939701,\"IXUS\":0.1684108505,\"IEFA\":0.1358733853,\"EFA\":0.1262437689,\"VGK\":0.1048756253,\"VWO\":0.1567691553,\"IEMG\":0.1606949474,\"SHV\":0.1188661278,\"BIL\":0.0437926271,\"GBIL\":-0.0286661652,\"SHY\":0.1056379711,\"IEI\":0.1157052472,\"IEF\":0.1457800429,\"VGIT\":0.0757810683,\"TLT\":0.0889618009,\"GOVT\":0.116516299,\"MUB\":-0.1374519919,\"SHM\":0.0400078772,\"VCSH\":0.0024626055,\"VCIT\":0.047082078,\"VCLT\":-0.010809354,\"LQD\":0.0484159852,\"HYG\":-0.0140379396,\"SHYG\":0.0236675167,\"MBB\":0.1007706718,\"VMBS\":0.0961000978,\"AGG\":0.0872321594,\"BSV\":0.0543118444,\"BIV\":0.0902669327,\"BLV\":0.1039633232,\"BNDX\":0.0014393311,\"EMB\":-0.0633853926,\"GLD\":-0.0850973597,\"SLV\":0.1467597465,\"USO\":0.1028279705,\"PDBC\":0.1377834093,\"VNQ\":-0.0545768751,\"VNQI\":-0.0890004122},\"5\":{\"DIA\":0.0280529037,\"SPY\":0.0762780638,\"VO\":0.0545613947,\"IJH\":0.0600697206,\"QQQ\":-0.0487379007,\"IWF\":-0.0614982102,\"XLY\":0.0870736429,\"XLP\":0.0512609838,\"XLE\":0.0696734137,\"XLF\":0.0504476426,\"XLV\":0.0704463089,\"XLI\":-0.011521149,\"XLB\":0.0311009607,\"XLRE\":0.1176708663,\"XLK\":-0.0345601757,\"VOX\":0.0215002215,\"XLU\":0.1289378787,\"GDX\":0.1674813643,\"GUNR\":0.0516842625,\"IXUS\":0.0729347644,\"IEFA\":0.0633338258,\"EFA\":0.0710801488,\"VGK\":0.0706081784,\"VWO\":0.1229519923,\"IEMG\":0.1230945923,\"SHV\":-0.0848374255,\"BIL\":-0.0049277894,\"GBIL\":-0.0775657558,\"SHY\":-0.0536600843,\"IEI\":-0.1159959495,\"IEF\":-0.0152219086,\"VGIT\":-0.0816778355,\"TLT\":-0.0146125793,\"GOVT\":-0.027888306,\"MUB\":-0.1513055459,\"SHM\":0.0558985006,\"VCSH\":-0.0738302331,\"VCIT\":-0.0026022805,\"VCLT\":0.001525533,\"LQD\":-0.0284218775,\"HYG\":0.0141155235,\"SHYG\":0.0209172672,\"MBB\":0.0266137311,\"VMBS\":-0.08539759,\"AGG\":-0.106588746,\"BSV\":-0.1274010843,\"BIV\":0.0351594257,\"BLV\":0.0205747311,\"BNDX\":0.0184759024,\"EMB\":0.0225963496,\"GLD\":0.0201280979,\"SLV\":-0.0335645274,\"USO\":-0.0801212123,\"PDBC\":0.0123948095,\"VNQ\":0.0359475351,\"VNQI\":0.0514353452},\"6\":{\"DIA\":-0.1161268072,\"SPY\":-0.0516285838,\"VO\":-0.1586839502,\"IJH\":-0.1013324594,\"QQQ\":-0.1307447783,\"IWF\":-0.140354503,\"XLY\":-0.1132404746,\"XLP\":-0.0387361926,\"XLE\":-0.1239903902,\"XLF\":-0.1142993063,\"XLV\":-0.0483534381,\"XLI\":-0.1766195317,\"XLB\":-0.1552747638,\"XLRE\":-0.0957874755,\"XLK\":-0.1623002264,\"VOX\":-0.0162008123,\"XLU\":-0.1739886916,\"GDX\":-0.2434529081,\"GUNR\":-0.1246980174,\"IXUS\":-0.1260527799,\"IEFA\":-0.1017432331,\"EFA\":-0.0993681944,\"VGK\":-0.1184687595,\"VWO\":-0.0963729127,\"IEMG\":-0.0927304564,\"SHV\":0.0580342437,\"BIL\":-0.052484095,