{"training_type": "ContinuousTraining", "model_output": "forecast", "ts_forecast": "{\"2021-12-31\":{\"DIA\":null,\"SPY\":null,\"VO\":null,\"IJH\":null,\"QQQ\":null,\"IWF\":null,\"XLY\":null,\"XLP\":null,\"XLE\":null,\"XLF\":null,\"XLV\":null,\"XLI\":null,\"XLB\":null,\"XLRE\":null,\"XLK\":null,\"VOX\":null,\"XLU\":null,\"GDX\":null,\"GUNR\":null,\"IXUS\":null,\"IEFA\":null,\"EFA\":null,\"VGK\":null,\"VWO\":null,\"IEMG\":null,\"SHV\":null,\"BIL\":null,\"GBIL\":null,\"SHY\":null,\"IEI\":null,\"IEF\":null,\"VGIT\":null,\"TLT\":null,\"GOVT\":null,\"MUB\":null,\"SHM\":null,\"VCSH\":null,\"VCIT\":null,\"VCLT\":null,\"LQD\":null,\"HYG\":null,\"SHYG\":null,\"MBB\":null,\"VMBS\":null,\"AGG\":null,\"BSV\":null,\"BIV\":null,\"BLV\":null,\"BNDX\":null,\"EMB\":null,\"GLD\":null,\"SLV\":null,\"USO\":null,\"PDBC\":null,\"VNQ\":null,\"VNQI\":null},\"1\":{\"DIA\":0.0064134748,\"SPY\":0.014735534,\"VO\":0.0075271444,\"IJH\":0.0038609403,\"QQQ\":0.0109419342,\"IWF\":0.0114154305,\"XLY\":0.0229982431,\"XLP\":0.0024283031,\"XLE\":-0.0096078926,\"XLF\":0.0033581024,\"XLV\":-0.0020937584,\"XLI\":0.0104225105,\"XLB\":0.0142160786,\"XLRE\":-0.0084455273,\"XLK\":0.0099438586,\"VOX\":0.0024944456,\"XLU\":0.0096458885,\"GDX\":0.0115189748,\"GUNR\":0.0070922848,\"IXUS\":0.0116793326,\"IEFA\":0.0098833519,\"EFA\":0.0109729013,\"VGK\":0.0082112819,\"VWO\":0.0158272446,\"IEMG\":0.0156926429,\"SHV\":-0.0000134761,\"BIL\":-0.0000816626,\"GBIL\":0.0000253499,\"SHY\":-0.0004619943,\"IEI\":0.0010818916,\"IEF\":0.0028207822,\"VGIT\":0.0004773089,\"TLT\":-0.0182288331,\"GOVT\":-0.0023577686,\"MUB\":0.0005015441,\"SHM\":-0.000129524,\"VCSH\":0.0005008565,\"VCIT\":0.0012722026,\"VCLT\":-0.0002877967,\"LQD\":-0.0006898743,\"HYG\":0.0009444142,\"SHYG\":0.000538344,\"MBB\":-0.0004107052,\"VMBS\":-0.0014506949,\"AGG\":-0.0009186787,\"BSV\":0.0005853291,\"BIV\":0.0015587312,\"BLV\":-0.0130145036,\"BNDX\":-0.0010499068,\"EMB\":-0.0016883322,\"GLD\":0.0012009667,\"SLV\":0.0235403562,\"USO\":0.0270803163,\"PDBC\":0.0077840126,\"VNQ\":-0.0077480645,\"VNQI\":-0.0107048012},\"2\":{\"DIA\":0.0104543807,\"SPY\":0.0108022238,\"VO\":0.0166995251,\"IJH\":0.0047428701,\"QQQ\":0.0256303209,\"IWF\":0.0292605174,\"XLY\":0.0127610454,\"XLP\":0.0087726469,\"XLE\":-0.0218883472,\"XLF\":0.0146607373,\"XLV\":0.0043796569,\"XLI\":0.0115883382,\"XLB\":0.0157254784,\"XLRE\":0.0096426697,\"XLK\":0.0165871074,\"VOX\":0.0050059204,\"XLU\":0.0094410351,\"GDX\":0.02666595,\"GUNR\":0.0006713367,\"IXUS\":0.0126088943,\"IEFA\":0.0104406882,\"EFA\":0.0106590005,\"VGK\":0.0118541323,\"VWO\":0.0325583844,\"IEMG\":0.0323443923,\"SHV\":-0.0000439037,\"BIL\":-0.0000394305,\"GBIL\":0.000014001,\"SHY\":-0.0003445012,\"IEI\":0.0019995159,\"IEF\":0.0052202476,\"VGIT\":0.0008804003,\"TLT\":-0.0016090992,\"GOVT\":0.0001921766,\"MUB\":0.001038028,\"SHM\":-0.0001264029,\"VCSH\":0.0008104502,\"VCIT\":0.0021150356,\"VCLT\":-0.0007290173,\"LQD\":-0.0011031089,\"HYG\":0.0016097631,\"SHYG\":0.0016419973,\"MBB\":-0.0004443828,\"VMBS\":-0.0010865758,\"AGG\":0.0001257393,\"BSV\":0.0005718091,\"BIV\":0.0028226465,\"BLV\":-0.0005879634,\"BNDX\":-0.0027316967,\"EMB\":-0.0020679789,\"GLD\":-0.0007204479,\"SLV\":0.0126372698,\"USO\":0.0422648308,\"PDBC\":0.0154285375,\"VNQ\":0.0134143179,\"VNQI\":-0.0085115443},\"3\":{\"DIA\":0.0108078919,\"SPY\":0.0231215591,\"VO\":0.0169222021,\"IJH\":0.0117258265,\"QQQ\":0.0009059413,\"IWF\":0.0109270796,\"XLY\":0.0254603941,\"XLP\":0.00794692,\"XLE\":-0.0028433824,\"XLF\":0.0213424115,\"XLV\":0.0166396189,\"XLI\":0.0073435176,\"XLB\":0.003192929,\"XLRE\":0.0126443749,\"XLK\":-0.0004295404,\"VOX\":0.0074470265,\"XLU\":0.0159516719,\"GDX\":0.0002168778,\"GUNR\":-0.0024118259,\"IXUS\":0.0028892955,\"IEFA\":0.0070552143,\"EFA\":0.0080142094,\"VGK\":0.0072884744,\"VWO\":0.0222560377,\"IEMG\":0.020478395,\"SHV\":-0.0000192307,\"BIL\":-0.0001144597,\"GBIL\":-0.0000482763,\"SHY\":-0.0001838525,\"IEI\":0.0017793777,\"IEF\":0.006066458,\"VGIT\":0.0003533178,\"TLT\":-0.0201969461,\"GOVT\":-0.0020823059,\"MUB\":0.0015352978,\"SHM\":-0.0001003246,\"VCSH\":0.0006323101,\"VCIT\":0.0026301456,\"VCLT\":-0.0009568346,\"LQD\":-0.0010853385,\"HYG\":0.0026863235,\"SHYG\":0.002317049,\"MBB\":-0.0002880951,\"VMBS\":-0.0017615944,\"AGG\":-0.0014818794,\"BSV\":-0.0000176307,\"BIV\":0.0038775361,\"BLV\":-0.0141503026,\"BNDX\":-0.0049992376,\"EMB\":-0.001213074,\"GLD\":-0.0063638359,\"SLV\":-0.0218769151,\"USO\":0.0383185595,\"PDBC\":0.0192128707,\"VNQ\":0.0167155935,\"VNQI\":-0.0028675962},\"4\":{\"DIA\":0.013627592,\"SPY\":0.0235618923,\"VO\":0.0155186735,\"IJH\":0.0152943932,\"QQQ\":-0.0067887473,\"IWF\":0.0041967686,\"XLY\":0.0296643037,\"XLP\":0.0138296742,\"XLE\":0.0281594206,\"XLF\":0.0192555054,\"XLV\":0.0207790912,\"XLI\":0.0154362953,\"XLB\":0.0138331659,\"XLRE\":0.0184714012,\"XLK\":0.0109428646,\"VOX\":0.0099810599,\"XLU\":0.020493737,\"GDX\":-0.0078517612,\"GUNR\":0.0106968478,\"IXUS\":0.003363487,\"IEFA\":0.0091849635,\"EFA\":0.0096648327,\"VGK\":0.01337196,\"VWO\":0.002422281,\"IEMG\":-0.0000820074,\"SHV\":-0.0000830018,\"BIL\":-0.0000881407,\"GBIL\":-0.0000154916,\"SHY\":-0.0006174689,\"IEI\":0.0013816854,\"IEF\":0.0092534616,\"VGIT\":0.000622447,\"TLT\":-0.0026375225,\"GOVT\":0.0003428111,\"MUB\":0.0019540528,\"SHM\":-0.0000922983,\"VCSH\":0.0003458169,\"VCIT\":0.0028103391,\"VCLT\":-0.0013615072,\"LQD\":-0.0019744643,\"HYG\":0.0028015446,\"SHYG\":0.0032396079,\"MBB\":-0.0009200126,\"VMBS\":-0.0007764199,\"AGG\":-0.0007183091,\"BSV\":-0.0007695719,\"BIV\":0.0046037171,\"BLV\":-0.0017393968,\"BNDX\":-0.0073107976,\"EMB\":-0.0001544825,\"GLD\":-0.0099716132,\"SLV\":-0.0099314714,\"USO\":0.0407451643,\"PDBC\":0.0247522728,\"VNQ\":0.0164994685,\"VNQI\":0.0012640178},\"5\":{\"DIA\":0.0216650717,\"SPY\":0.0312341403,\"VO\":0.0235321752,\"IJH\":0.0193550608,\"QQQ\":-0.0100197658,\"IWF\":0.0024843085,\"XLY\":0.0303916689,\"XLP\":0.0157556454,\"XLE\":0.0310390697,\"XLF\":0.023535518,\"XLV\":0.0177031793,\"XLI\":0.0279020607,\"XLB\":0.0328160843,\"XLRE\":0.0322540759,\"XLK\":0.006610186,\"VOX\":0.0124389226,\"XLU\":0.0208907507,\"GDX\":-0.000175869,\"GUNR\":0.0242730871,\"IXUS\":0.0145548127,\"IEFA\":0.01758206,\"EFA\":0.017959109,\"VGK\":0.0199185733,\"VWO\":0.0042049923,\"IEMG\":0.0019288598,\"SHV\":-0.0000320325,\"BIL\":-0.0001331623,\"GBIL\":-0.0000358325,\"SHY\":-0.0010266069,\"IEI\":0.0009599422,\"IEF\":0.0087951096,\"VGIT\":-0.0010345183,\"TLT\":-0.0214411191,\"GOVT\":-0.0013749871,\"MUB\":0.0022371167,\"SHM\":-0.0002280831,\"VCSH\":0.0004075763,\"VCIT\":0.002874611,\"VCLT\":-0.0017107836,\"LQD\":-0.0018851293,\"HYG\":0.0050693859,\"SHYG\":0.0042934995,\"MBB\":-0.0004960657,\"VMBS\":-0.0010983213,\"AGG\":-0.0018873206,\"BSV\":-0.0001418231,\"BIV\":0.0049602743,\"BLV\":-0.0151954749,\"BNDX\":-0.0099234762,\"EMB\":0.000083995,\"GLD\":-0.0076094608,\"SLV\":0.0186947967,\"USO\":0.05434101,\"PDBC\":0.0361808845,\"VNQ\":0.0297249606,\"VNQI\":-0.002558107},\"6\":{\"DIA\":0.0257730355,\"SPY\":0.0352105194,\"VO\":0.0352883759,\"IJH\":0.02454398,\"QQQ\":-0.0217450639,\"IWF\":-0.0108923631,\"XLY\":0.0408473395,\"XLP\":0.0184287637,\"XLE\":0.0127411105,\"XLF\":0.0390749423,\"XLV\":0.0207274758,\"XLI\":0.0265768704,\"XLB\":0.0424464537,\"XLRE\":0.0303997089,\"XLK\":0.0052019623,\"VOX\":0.0149644208,\"XLU\":0.0287972254,\"GDX\":0.009624649,\"GUNR\":0.0233355692,\"IXUS\":0.0232118246,\"IEFA\":0.0238301647,\"EFA\":0.0240441813,\"VGK\":0.0277498613,\"VWO\":0.0277904145,\"IEMG\":0.0271735198,\"SHV\":-0.0001118505,\"BIL\":-0.0001499459,\"GBIL\":-0.0000961935,\"SHY\":-0.0008138513,\"IEI\":-0.0001949249,\"IEF\":0.0093188525,\"VGIT\":-0.001977255,\"TLT\":-0.005523474,\"GOVT\":-0.0005643333,\"MUB\":0.0023460766,\"SHM\":-0.0003801757,\"VCSH\":0.0005545227,\"VCIT\":0.0030055042,\"VCLT\":-0.0019526826,\"LQD\":-0.0023752343,\"HYG\":0.0040518154,\"SHYG\":0.0046910083,\"MBB\":-0.0013569024,\"VMBS\":-0.0019072265,\"AGG\":-0.0025431439,\"BSV\":-0.0002514046,\"BIV\":0.0050828676,\"BLV\":0.0005391412,\"BNDX\":-0.0120604965,\"EMB\":-0.0008444321,