{"model_output": "stdev", "stdev_vec": "{\"DIA\":0.0152806093,\"SPY\":0.0170267258,\"VO\":0.0176529817,\"IWF\":0.0243508675,\"XLY\":0.0244190459,\"XLP\":0.0121160954,\"XLE\":0.0280468252,\"XLF\":0.0178262953,\"XLV\":0.0171307923,\"XLI\":0.0192014611,\"XLB\":0.0201651417,\"XLRE\":0.0214828166,\"XLK\":0.0321402348,\"VOX\":0.017942888,\"XLU\":0.0211467273,\"GDX\":0.0423502448,\"GUNR\":0.0197363886,\"IXUS\":0.0165647502,\"EFA\":0.01754517,\"VGK\":0.0180333915,\"SHY\":0.0026507719,\"IEI\":0.0063295033,\"IEF\":0.0099983286,\"VGIT\":0.0071091037,\"TLT\":0.0205618387,\"GOVT\":0.007927596,\"MUB\":0.0050480268,\"VCIT\":0.0081830392,\"VCLT\":0.0153224467,\"LQD\":0.0105394027,\"HYG\":0.0057105113,\"SHYG\":0.0044717831,\"MBB\":0.0088937345,\"VMBS\":0.0084908566,\"AGG\":0.008086989,\"BIV\":0.0083657796,\"BLV\":0.0167475839,\"BNDX\":0.0049710561,\"EMB\":0.0097251393,\"GLD\":0.0196112522,\"SLV\":0.0390895113,\"USO\":0.0383885324,\"PDBC\":0.0199020429,\"VNQ\":0.0210581353,\"VNQI\":0.0180613511,\"QQQM\":0.0255154247,\"VTWO\":0.028863392,\"EEM\":0.0205017542,\"EWZ\":0.0249999116,\"FXE\":0.0075542528,\"AMZN\":0.036549035,\"AAPL\":0.031110023,\"GS\":0.0307713928,\"GOOGL\":0.0383613292,\"IBM\":0.0328401186}"}