{"model_output": "vi2_forec", "vi2_forec": "{\"0\":{\"VIXCLS\":238.0849,\"VXDCLS\":220.2256,\"VXNCLS\":325.0809,\"RVXCLS\":492.3961,\"VXEEMCLS\":289.6804,\"VXEWZCLS\":1131.6496,\"GVZCLS\":225.9009,\"OVXCLS\":910.8324,\"EVZCLS\":99.4009,\"VXAZNCLS\":817.96,\"VXAPLCLS\":475.6761,\"VXGSCLS\":763.9696,\"VXGOGCLS\":828.2884,\"VXIBMCLS\":568.8225},\"1\":{\"VIXCLS\":210.2775557238,\"VXDCLS\":190.9500848993,\"VXNCLS\":282.3574982853,\"RVXCLS\":411.1972370078,\"VXEEMCLS\":274.3328594496,\"VXEWZCLS\":917.63528618,\"GVZCLS\":197.0560397908,\"OVXCLS\":900.7800325332,\"EVZCLS\":89.4006330393,\"VXAZNCLS\":777.4284503994,\"VXAPLCLS\":435.1123323377,\"VXGSCLS\":631.1518434683,\"VXGOGCLS\":721.3561741598,\"VXIBMCLS\":546.994808562},\"2\":{\"VIXCLS\":207.8259374224,\"VXDCLS\":189.1782237417,\"VXNCLS\":280.2694737144,\"RVXCLS\":409.7578131491,\"VXEEMCLS\":270.0962274119,\"VXEWZCLS\":917.2212695699,\"GVZCLS\":195.3846214731,\"OVXCLS\":880.2088780759,\"EVZCLS\":90.8118966639,\"VXAZNCLS\":777.972740467,\"VXAPLCLS\":430.6684267171,\"VXGSCLS\":630.9630164032,\"VXGOGCLS\":709.6621067552,\"VXIBMCLS\":529.4869778492},\"3\":{\"VIXCLS\":204.5950723153,\"VXDCLS\":187.20612433,\"VXNCLS\":274.8879700866,\"RVXCLS\":407.3237586761,\"VXEEMCLS\":264.8000024253,\"VXEWZCLS\":916.7062184326,\"GVZCLS\":194.7029837343,\"OVXCLS\":855.7474030612,\"EVZCLS\":90.7877905223,\"VXAZNCLS\":766.630645157,\"VXAPLCLS\":424.6396432648,\"VXGSCLS\":625.9763776134,\"VXGOGCLS\":702.2170006943,\"VXIBMCLS\":523.7611762451},\"4\":{\"VIXCLS\":202.6863190286,\"VXDCLS\":184.6129310513,\"VXNCLS\":271.970865085,\"RVXCLS\":400.5384074042,\"VXEEMCLS\":261.2848983267,\"VXEWZCLS\":917.2394829871,\"GVZCLS\":193.4967780296,\"OVXCLS\":829.0602835327,\"EVZCLS\":92.0246187888,\"VXAZNCLS\":762.3641315619,\"VXAPLCLS\":420.5385929754,\"VXGSCLS\":623.3184322184,\"VXGOGCLS\":697.46089173,\"VXIBMCLS\":518.9573699562},\"5\":{\"VIXCLS\":201.3353167798,\"VXDCLS\":183.3060964141,\"VXNCLS\":272.3242061306,\"RVXCLS\":397.5694008076,\"VXEEMCLS\":257.9584663435,\"VXEWZCLS\":917.7345511952,\"GVZCLS\":192.4185693415,\"OVXCLS\":813.9686651648,\"EVZCLS\":92.2789454278,\"VXAZNCLS\":750.1005160251,\"VXAPLCLS\":413.8462893656,\"VXGSCLS\":623.4063234156,\"VXGOGCLS\":692.86220847,\"VXIBMCLS\":511.995652407},\"6\":{\"VIXCLS\":200.238710766,\"VXDCLS\":183.3709938857,\"VXNCLS\":266.6238592405,\"RVXCLS\":394.8944710654,\"VXEEMCLS\":253.5778909546,\"VXEWZCLS\":916.4790149301,\"GVZCLS\":190.0687789265,\"OVXCLS\":800.9702823069,\"EVZCLS\":91.918072836,\"VXAZNCLS\":735.6353852095,\"VXAPLCLS\":409.3119642461,\"VXGSCLS\":626.8636657962,\"VXGOGCLS\":691.4299513763,\"VXIBMCLS\":508.1595853703},\"7\":{\"VIXCLS\":198.0607454142,\"VXDCLS\":181.4956816049,\"VXNCLS\":263.6160588698,\"RVXCLS\":393.6259777672,\"VXEEMCLS\":249.6770161222,\"VXEWZCLS\":913.8943192635,\"GVZCLS\":188.3563716299,\"OVXCLS\":785.8616017572,\"EVZCLS\":93.1742520554,\"VXAZNCLS\":735.3606377108,\"VXAPLCLS\":408.5290891831,\"VXGSCLS\":624.6382362238,\"VXGOGCLS\":694.2165440743,\"VXIBMCLS\":510.2919935584},\"8\":{\"VIXCLS\":196.731730862,\"VXDCLS\":180.0791648996,\"VXNCLS\":262.5074884911,\"RVXCLS\":389.2707797848,\"VXEEMCLS\":247.6313793924,\"VXEWZCLS\":911.9454509193,\"GVZCLS\":187.6947052325,\"OVXCLS\":777.7435042486,\"EVZCLS\":94.6004421118,\"VXAZNCLS\":736.6029683666,\"VXAPLCLS\":406.8805939352,\"VXGSCLS\":622.1241408431,\"VXGOGCLS\":696.9646900624,\"VXIBMCLS\":515.1647028718},\"9\":{\"VIXCLS\":197.429254704,\"VXDCLS\":180.9640761162,\"VXNCLS\":261.4818307822,\"RVXCLS\":389.3739949163,\"VXEEMCLS\":245.9371937864,\"VXEWZCLS\":911.6126654861,\"GVZCLS\":186.191116361,\"OVXCLS\":770.2577184146,\"EVZCLS\":94.752345025,\"VXAZNCLS\":733.2868700365,\"VXAPLCLS\":405.6262249445,\"VXGSCLS\":622.7783504082,\"VXGOGCLS\":698.2549598199,\"VXIBMCLS\":517.9386820195},\"10\":{\"VIXCLS\":196.5073297799,\"VXDCLS\":179.6689239593,\"VXNCLS\":259.1667311685,\"RVXCLS\":386.8548097916,\"VXEEMCLS\":245.0945093593,\"VXEWZCLS\":910.7153014594,\"GVZCLS\":184.9521828488,\"OVXCLS\":762.4550298343,\"EVZCLS\":95.6937064049,\"VXAZNCLS\":731.2694496747,\"VXAPLCLS\":406.5848933159,\"VXGSCLS\":622.2360571482,\"VXGOGCLS\":698.2063350811,\"VXIBMCLS\":517.4677871725},\"11\":{\"VIXCLS\":198.3660898909,\"VXDCLS\":180.0748277129,\"VXNCLS\":263.813650485,\"RVXCLS\":386.3022489153,\"VXEEMCLS\":244.3506624638,\"VXEWZCLS\":908.6807658316,\"GVZCLS\":184.143724691,\"OVXCLS\":758.3770447812,\"EVZCLS\":96.8200729573,\"VXAZNCLS\":735.2732327382,\"VXAPLCLS\":409.599314514,\"VXGSCLS\":622.8599018136,\"VXGOGCLS\":696.0051027106,\"VXIBMCLS\":517.0197521344},\"12\":{\"VIXCLS\":196.6944162362,\"VXDCLS\":179.4407715068,\"VXNCLS\":261.9357575042,\"RVXCLS\":384.7060054252,\"VXEEMCLS\":243.388866283,\"VXEWZCLS\":907.0369822415,\"GVZCLS\":183.459420594,\"OVXCLS\":755.0722077784,\"EVZCLS\":97.4257454967,\"VXAZNCLS\":736.4131588238,\"VXAPLCLS\":407.864883634,\"VXGSCLS\":625.0409479614,\"VXGOGCLS\":693.1004489447,\"VXIBMCLS\":516.2748783863},\"13\":{\"VIXCLS\":195.0252510718,\"VXDCLS\":177.7220779455,\"VXNCLS\":258.3547633982,\"RVXCLS\":380.9068174436,\"VXEEMCLS\":242.4197056406,\"VXEWZCLS\":905.0843586857,\"GVZCLS\":182.5526503798,\"OVXCLS\":751.8639238304,\"EVZCLS\":97.6469369006,\"VXAZNCLS\":731.9208556347,\"VXAPLCLS\":405.9887152692,\"VXGSCLS\":622.2874514406,\"VXGOGCLS\":691.5576066568,\"VXIBMCLS\":513.5687277298},\"asof\":{\"VIXCLS\":\"2024-12-27\",\"VXDCLS\":\"2024-12-27\",\"VXNCLS\":\"2024-12-27\",\"RVXCLS\":\"2024-12-27\",\"VXEEMCLS\":\"2024-12-27\",\"VXEWZCLS\":\"2024-12-27\",\"GVZCLS\":\"2024-12-27\",\"OVXCLS\":\"2024-12-27\",\"EVZCLS\":\"2024-12-27\",\"VXAZNCLS\":\"2024-12-27\",\"VXAPLCLS\":\"2024-12-27\",\"VXGSCLS\":\"2024-12-27\",\"VXGOGCLS\":\"2024-12-27\",\"VXIBMCLS\":\"2024-12-27\"}}"}