{"model_output": "vi2_forec_ratio", "vi2_forec_ratio": "{\"0\":{\"VIXCLS\":1.0,\"VXDCLS\":1.0,\"VXNCLS\":1.0,\"RVXCLS\":1.0,\"VXEEMCLS\":1.0,\"VXEWZCLS\":1.0,\"GVZCLS\":1.0,\"OVXCLS\":1.0,\"EVZCLS\":1.0,\"VXAZNCLS\":1.0,\"VXAPLCLS\":1.0,\"VXGSCLS\":1.0,\"VXGOGCLS\":1.0,\"VXIBMCLS\":1.0},\"1\":{\"VIXCLS\":0.8826748007,\"VXDCLS\":0.8715061089,\"VXNCLS\":0.8665857458,\"RVXCLS\":0.8377052998,\"VXEEMCLS\":0.9486310773,\"VXEWZCLS\":0.8102141341,\"GVZCLS\":0.8717274109,\"OVXCLS\":0.9892994487,\"EVZCLS\":0.8983280469,\"VXAZNCLS\":0.9474428458,\"VXAPLCLS\":0.9142457804,\"VXGSCLS\":0.8262733066,\"VXGOGCLS\":0.8709592345,\"VXIBMCLS\":0.9606819732},\"2\":{\"VIXCLS\":0.8732071907,\"VXDCLS\":0.8632253136,\"VXNCLS\":0.8603040777,\"RVXCLS\":0.8346291961,\"VXEEMCLS\":0.9343257346,\"VXEWZCLS\":0.8098558338,\"GVZCLS\":0.8644526466,\"OVXCLS\":0.9667933989,\"EVZCLS\":0.9126176614,\"VXAZNCLS\":0.9477040587,\"VXAPLCLS\":0.9051293704,\"VXGSCLS\":0.826134663,\"VXGOGCLS\":0.8567283911,\"VXIBMCLS\":0.9300659942},\"3\":{\"VIXCLS\":0.8595171518,\"VXDCLS\":0.854377065,\"VXNCLS\":0.8444614428,\"RVXCLS\":0.8297137194,\"VXEEMCLS\":0.9154804958,\"VXEWZCLS\":0.8094279539,\"GVZCLS\":0.8615367392,\"OVXCLS\":0.9399399572,\"EVZCLS\":0.9122850073,\"VXAZNCLS\":0.9344183912,\"VXAPLCLS\":0.8925251598,\"VXGSCLS\":0.8194514728,\"VXGOGCLS\":0.8476682113,\"VXIBMCLS\":0.9206504964},\"4\":{\"VIXCLS\":0.8509115702,\"VXDCLS\":0.8420135606,\"VXNCLS\":0.8348692016,\"RVXCLS\":0.8150383224,\"VXEEMCLS\":0.9029922697,\"VXEWZCLS\":0.8098973786,\"GVZCLS\":0.8563166907,\"OVXCLS\":0.9106937804,\"EVZCLS\":0.9246201349,\"VXAZNCLS\":0.9290137839,\"VXAPLCLS\":0.8839365263,\"VXGSCLS\":0.8157852652,\"VXGOGCLS\":0.8419499906,\"VXIBMCLS\":0.9123003609},\"5\":{\"VIXCLS\":0.8457050712,\"VXDCLS\":0.835561989,\"VXNCLS\":0.8373425757,\"RVXCLS\":0.8089041075,\"VXEEMCLS\":0.8917009485,\"VXEWZCLS\":0.810340414,\"GVZCLS\":0.8516072815,\"OVXCLS\":0.8937552237,\"EVZCLS\":0.9273460059,\"VXAZNCLS\":0.9148074682,\"VXAPLCLS\":0.8700740315,\"VXGSCLS\":0.8159896495,\"VXGOGCLS\":0.8364259981,\"VXIBMCLS\":0.8995277244},\"6\":{\"VIXCLS\":0.841765728,\"VXDCLS\":0.8364090605,\"VXNCLS\":0.8216131553,\"RVXCLS\":0.8030089296,\"VXEEMCLS\":0.8765898244,\"VXEWZCLS\":0.8092433738,\"GVZCLS\":0.841347121,\"OVXCLS\":0.8795018985,\"EVZCLS\":0.9235880332,\"VXAZNCLS\":0.899307107,\"VXAPLCLS\":0.8606778766,\"VXGSCLS\":0.8208280586,\"VXGOGCLS\":0.8346970025,\"VXIBMCLS\":0.8927573511},\"7\":{\"VIXCLS\":0.8322596173,\"VXDCLS\":0.8274029178,\"VXNCLS\":0.8110579407,\"RVXCLS\":0.8004746283,\"VXEEMCLS\":0.8628761165,\"VXEWZCLS\":0.8069040305,\"GVZCLS\":0.8339450729,\"OVXCLS\":0.8625497654,\"EVZCLS\":0.9359229153,\"VXAZNCLS\":0.8991042896,\"VXAPLCLS\":0.8589728223,\"VXGSCLS\":0.8177939526,\"VXGOGCLS\":0.8380808497,\"VXIBMCLS\":0.8969368288},\"8\":{\"VIXCLS\":0.8267113339,\"VXDCLS\":0.8204497404,\"VXNCLS\":0.8067749268,\"RVXCLS\":0.7910121313,\"VXEEMCLS\":0.8558447157,\"VXEWZCLS\":0.8050797588,\"GVZCLS\":0.8310772523,\"OVXCLS\":0.8536075562,\"EVZCLS\":0.9502856002,\"VXAZNCLS\":0.9004597837,\"VXAPLCLS\":0.8555403599,\"VXGSCLS\":0.8143333691,\"VXGOGCLS\":0.8414410468,\"VXIBMCLS\":0.9057923974},\"9\":{\"VIXCLS\":0.8299236597,\"VXDCLS\":0.8244602415,\"VXNCLS\":0.8041040763,\"RVXCLS\":0.7913478716,\"VXEEMCLS\":0.8499409672,\"VXEWZCLS\":0.8047771148,\"GVZCLS\":0.8245213338,\"OVXCLS\":0.8453809864,\"EVZCLS\":0.9517681832,\"VXAZNCLS\":0.8967117526,\"VXAPLCLS\":0.8529424662,\"VXGSCLS\":0.8151214223,\"VXGOGCLS\":0.8430118293,\"VXIBMCLS\":0.9103481482},\"10\":{\"VIXCLS\":0.8258687621,\"VXDCLS\":0.8190996765,\"VXNCLS\":0.7970935966,\"RVXCLS\":0.7858687168,\"VXEEMCLS\":0.8469525578,\"VXEWZCLS\":0.8039722743,\"GVZCLS\":0.8191467296,\"OVXCLS\":0.8366131881,\"EVZCLS\":0.9609870437,\"VXAZNCLS\":0.8944376344,\"VXAPLCLS\":0.854900294,\"VXGSCLS\":0.8145201249,\"VXGOGCLS\":0.8429141506,\"VXIBMCLS\":0.909285443},\"11\":{\"VIXCLS\":0.8331255089,\"VXDCLS\":0.820749047,\"VXNCLS\":0.8108325233,\"RVXCLS\":0.7848925525,\"VXEEMCLS\":0.8443719235,\"VXEWZCLS\":0.8021093174,\"GVZCLS\":0.8156570737,\"OVXCLS\":0.8320465734,\"EVZCLS\":0.9722555657,\"VXAZNCLS\":0.8987985382,\"VXAPLCLS\":0.861169876,\"VXGSCLS\":0.815378486,\"VXGOGCLS\":0.8402267587,\"VXIBMCLS\":0.9084495668},\"12\":{\"VIXCLS\":0.8266907551,\"VXDCLS\":0.8179754084,\"VXNCLS\":0.8064242133,\"RVXCLS\":0.7813574873,\"VXEEMCLS\":0.8410759348,\"VXEWZCLS\":0.8006334983,\"GVZCLS\":0.8126987486,\"OVXCLS\":0.8284090089,\"EVZCLS\":0.9782999865,\"VXAZNCLS\":0.8997054578,\"VXAPLCLS\":0.8576221585,\"VXGSCLS\":0.8182475008,\"VXGOGCLS\":0.8366961483,\"VXIBMCLS\":0.9072798485},\"13\":{\"VIXCLS\":0.8196680738,\"VXDCLS\":0.8097893716,\"VXNCLS\":0.7950545873,\"RVXCLS\":0.7733052956,\"VXEEMCLS\":0.837709398,\"VXEWZCLS\":0.7988957303,\"GVZCLS\":0.808743266,\"OVXCLS\":0.8248205847,\"EVZCLS\":0.9804598352,\"VXAZNCLS\":0.8947988406,\"VXAPLCLS\":0.8536936445,\"VXGSCLS\":0.8145992078,\"VXGOGCLS\":0.8348438663,\"VXIBMCLS\":0.9025137237},\"asof\":{\"VIXCLS\":\"2024-12-27\",\"VXDCLS\":\"2024-12-27\",\"VXNCLS\":\"2024-12-27\",\"RVXCLS\":\"2024-12-27\",\"VXEEMCLS\":\"2024-12-27\",\"VXEWZCLS\":\"2024-12-27\",\"GVZCLS\":\"2024-12-27\",\"OVXCLS\":\"2024-12-27\",\"EVZCLS\":\"2024-12-27\",\"VXAZNCLS\":\"2024-12-27\",\"VXAPLCLS\":\"2024-12-27\",\"VXGSCLS\":\"2024-12-27\",\"VXGOGCLS\":\"2024-12-27\",\"VXIBMCLS\":\"2024-12-27\"}}"}