{"model_output": "vil_forecast", "vil_forecast": "{\"0\":{\"VIXCLS\":15.43,\"VXDCLS\":14.84,\"VXNCLS\":18.03,\"RVXCLS\":22.19,\"VXEEMCLS\":17.02,\"VXEWZCLS\":33.64,\"GVZCLS\":15.03,\"OVXCLS\":30.18,\"EVZCLS\":9.97,\"VXAZNCLS\":28.6,\"VXAPLCLS\":21.81,\"VXGSCLS\":27.64,\"VXGOGCLS\":28.78,\"VXIBMCLS\":23.85},\"1\":{\"VIXCLS\":14.4923320527,\"VXDCLS\":13.8299449846,\"VXNCLS\":16.7816772013,\"RVXCLS\":20.3005443313,\"VXEEMCLS\":16.5463814364,\"VXEWZCLS\":30.3015811703,\"GVZCLS\":14.0408819527,\"OVXCLS\":30.0197603922,\"EVZCLS\":9.4535153707,\"VXAZNCLS\":27.9512888704,\"VXAPLCLS\":20.847197572,\"VXGSCLS\":25.1337770539,\"VXGOGCLS\":26.8565190641,\"VXIBMCLS\":23.3848468607},\"2\":{\"VIXCLS\":14.4152456811,\"VXDCLS\":13.7661800164,\"VXNCLS\":16.7151192891,\"RVXCLS\":20.2628960089,\"VXEEMCLS\":16.4189882704,\"VXEWZCLS\":30.2950124832,\"GVZCLS\":13.9810227254,\"OVXCLS\":29.6758165243,\"EVZCLS\":9.5272361838,\"VXAZNCLS\":27.9732236224,\"VXAPLCLS\":20.7419491311,\"VXGSCLS\":25.1318337287,\"VXGOGCLS\":26.6444576792,\"VXIBMCLS\":23.0095079178},\"3\":{\"VIXCLS\":14.3042553716,\"VXDCLS\":13.6963367007,\"VXNCLS\":16.5599345828,\"RVXCLS\":20.2037096987,\"VXEEMCLS\":16.259295158,\"VXEWZCLS\":30.2875771768,\"GVZCLS\":13.9564227661,\"OVXCLS\":29.2590625774,\"EVZCLS\":9.5257822011,\"VXAZNCLS\":27.7491462819,\"VXAPLCLS\":20.5997003018,\"VXGSCLS\":25.031906872,\"VXGOGCLS\":26.5098887886,\"VXIBMCLS\":22.8910116633},\"4\":{\"VIXCLS\":14.2375662715,\"VXDCLS\":13.6010577361,\"VXNCLS\":16.4742036512,\"RVXCLS\":20.0314672056,\"VXEEMCLS\":16.1530597363,\"VXEWZCLS\":30.2971280816,\"GVZCLS\":13.9125437202,\"OVXCLS\":28.797317189,\"EVZCLS\":9.5913631132,\"VXAZNCLS\":27.675530802,\"VXAPLCLS\":20.5026639413,\"VXGSCLS\":24.9773290403,\"VXGOGCLS\":26.4227647584,\"VXIBMCLS\":22.7913218377},\"5\":{\"VIXCLS\":14.1899323506,\"VXDCLS\":13.5517217277,\"VXNCLS\":16.5013745063,\"RVXCLS\":19.9559147847,\"VXEEMCLS\":16.052833152,\"VXEWZCLS\":30.3050141666,\"GVZCLS\":13.8737127217,\"OVXCLS\":28.5329138659,\"EVZCLS\":9.6050738752,\"VXAZNCLS\":27.4393127215,\"VXAPLCLS\":20.3416947196,\"VXGSCLS\":24.9790511756,\"VXGOGCLS\":26.3359325208,\"VXIBMCLS\":22.638635002},\"6\":{\"VIXCLS\":14.1602641216,\"VXDCLS\":13.5570048949,\"VXNCLS\":16.3441668367,\"RVXCLS\":19.8865904731,\"VXEEMCLS\":15.9180545758,\"VXEWZCLS\":30.2839521938,\"GVZCLS\":13.7878899936,\"OVXCLS\":28.3026245084,\"EVZCLS\":9.5857577444,\"VXAZNCLS\":27.1203921564,\"VXAPLCLS\":20.2328482973,\"VXGSCLS\":25.051323985,\"VXGOGCLS\":26.3085967896,\"VXIBMCLS\":22.5537886059},\"7\":{\"VIXCLS\":14.0818393605,\"VXDCLS\":13.4876151959,\"VXNCLS\":16.2425030252,\"RVXCLS\":19.8570685381,\"VXEEMCLS\":15.7977446026,\"VXEWZCLS\":30.2411963649,\"GVZCLS\":13.7253935999,\"OVXCLS\":28.0307717488,\"EVZCLS\":9.649474575,\"VXAZNCLS\":27.1111229306,\"VXAPLCLS\":20.2136334047,\"VXGSCLS\":25.0057791826,\"VXGOGCLS\":26.3603953343,\"VXIBMCLS\":22.6024219394},\"8\":{\"VIXCLS\":14.0361273469,\"VXDCLS\":13.4344144024,\"VXNCLS\":16.1968666223,\"RVXCLS\":19.7432386712,\"VXEEMCLS\":15.734036062,\"VXEWZCLS\":30.2087449518,\"GVZCLS\":13.7010897056,\"OVXCLS\":27.8871540933,\"EVZCLS\":9.7238915606,\"VXAZNCLS\":27.1389930058,\"VXAPLCLS\":20.1736223762,\"VXGSCLS\":24.9551589531,\"VXGOGCLS\":26.4097795735,\"VXIBMCLS\":22.7116146886},\"9\":{\"VIXCLS\":14.0615698084,\"VXDCLS\":13.4678718232,\"VXNCLS\":16.1669463705,\"RVXCLS\":19.7474219836,\"VXEEMCLS\":15.6809724008,\"VXEWZCLS\":30.2038159925,\"GVZCLS\":13.6456473421,\"OVXCLS\":27.7522048016,\"EVZCLS\":9.7326369941,\"VXAZNCLS\":27.0708752263,\"VXAPLCLS\":20.1433286705,\"VXGSCLS\":24.9694458038,\"VXGOGCLS\":26.4326259212,\"VXIBMCLS\":22.7713512088},\"10\":{\"VIXCLS\":14.0276803115,\"VXDCLS\":13.4217178636,\"VXNCLS\":16.0978443765,\"RVXCLS\":19.6813332407,\"VXEEMCLS\":15.6546763225,\"VXEWZCLS\":30.1897284825,\"GVZCLS\":13.5998017811,\"OVXCLS\":27.6090450373,\"EVZCLS\":9.7798946214,\"VXAZNCLS\":27.0287437782,\"VXAPLCLS\":20.166977118,\"VXGSCLS\":24.9589041058,\"VXGOGCLS\":26.4332329746,\"VXIBMCLS\":22.7600043623},\"11\":{\"VIXCLS\":14.0913219089,\"VXDCLS\":13.4364192377,\"VXNCLS\":16.242876932,\"RVXCLS\":19.6688827087,\"VXEEMCLS\":15.6315474407,\"VXEWZCLS\":30.1554095634,\"GVZCLS\":13.5695890144,\"OVXCLS\":27.5346579312,\"EVZCLS\":9.8368971078,\"VXAZNCLS\":27.1149291173,\"VXAPLCLS\":20.2400943918,\"VXGSCLS\":24.9695065907,\"VXGOGCLS\":26.3945323731,\"VXIBMCLS\":22.7500215222},\"12\":{\"VIXCLS\":14.0354950524,\"VXDCLS\":13.4120731495,\"VXNCLS\":16.194710918,\"RVXCLS\":19.6255691193,\"VXEEMCLS\":15.6014163513,\"VXEWZCLS\":30.1277225674,\"GVZCLS\":13.5440463963,\"OVXCLS\":27.4742507016,\"EVZCLS\":9.8685498511,\"VXAZNCLS\":27.1493104613,\"VXAPLCLS\":20.1975976696,\"VXGSCLS\":25.0137941493,\"VXGOGCLS\":26.3406046485,\"VXIBMCLS\":22.7333755363},\"13\":{\"VIXCLS\":13.977585947,\"VXDCLS\":13.3488218701,\"VXNCLS\":16.08138799,\"RVXCLS\":19.5279923113,\"VXEEMCLS\":15.5708883397,\"VXEWZCLS\":30.0954467434,\"GVZCLS\":13.5102223284,\"OVXCLS\":27.4151356828,\"EVZCLS\":9.8799669637,\"VXAZNCLS\":27.0516510612,\"VXAPLCLS\":20.1521546914,\"VXGSCLS\":24.9592296322,\"VXGOGCLS\":26.3117006657,\"VXIBMCLS\":22.6753693753},\"asof\":{\"VIXCLS\":\"2024-12-27\",\"VXDCLS\":\"2024-12-27\",\"VXNCLS\":\"2024-12-27\",\"RVXCLS\":\"2024-12-27\",\"VXEEMCLS\":\"2024-12-27\",\"VXEWZCLS\":\"2024-12-27\",\"GVZCLS\":\"2024-12-27\",\"OVXCLS\":\"2024-12-27\",\"EVZCLS\":\"2024-12-27\",\"VXAZNCLS\":\"2024-12-27\",\"VXAPLCLS\":\"2024-12-27\",\"VXGSCLS\":\"2024-12-27\",\"VXGOGCLS\":\"2024-12-27\",\"VXIBMCLS\":\"2024-12-27\"}}"}